event,ts,candle_ts,close,p_buy,signal,decision,message,resample_rule,target_simple_return
run,2026-02-20T19:31:09.386118+00:00,2026-02-20 12:00:00+00:00,67575.05,0.5325089693069458,1,bought_oco_failed,"OCO failed: APIError(code=-1102): Mandatory parameter 'aboveType' was not sent, was empty/null, or malformed.",4h,0.0035
run,2026-02-20T19:43:25.003534+00:00,2026-02-20 12:00:00+00:00,67575.05,0.5325089693069458,1,bought,,4h,0.0035
run,2026-02-20T20:00:07.957085+00:00,2026-02-20 16:00:00+00:00,67629.6,0.5717403292655945,1,bought,,4h,0.0035
run,2026-02-21T00:00:31.722791+00:00,2026-02-20 20:00:00+00:00,67991.19,0.7141198515892029,1,bought,,4h,0.0035
run,2026-02-21T04:00:14.355403+00:00,2026-02-21 00:00:00+00:00,67647.61,0.7935887575149536,1,bought,,4h,0.0035
run,2026-02-21T08:00:14.775276+00:00,2026-02-21 04:00:00+00:00,67835.16,0.887601375579834,1,bought,,4h,0.0035
error,2026-02-21T12:00:13.102609+00:00,APIError(code=-1013): Filter failure: NOTIONAL,BTCUSDC
error,2026-02-21T16:00:13.121464+00:00,APIError(code=-1013): Filter failure: NOTIONAL,BTCUSDC
error,2026-02-21T20:00:13.244707+00:00,APIError(code=-1013): Filter failure: NOTIONAL,BTCUSDC
run,2026-02-22T00:00:28.950065+00:00,2026-02-21 20:00:00+00:00,67961.0,0.3711809515953064,0,none,,4h,0.0035
run,2026-02-22T04:00:10.326356+00:00,2026-02-22 00:00:00+00:00,68021.0,0.3242660164833069,0,none,,4h,0.0035
run,2026-02-22T08:00:10.668778+00:00,2026-02-22 04:00:00+00:00,67996.35,0.3876800239086151,0,none,,4h,0.0035
run,2026-02-22T12:00:11.581602+00:00,2026-02-22 08:00:00+00:00,68199.25,0.3239215016365051,0,none,,4h,0.0035
run,2026-02-22T16:00:14.285525+00:00,2026-02-22 12:00:00+00:00,67667.99,0.44841477274894714,1,bought,,4h,0.0035
run,2026-02-22T20:00:08.075348+00:00,2026-02-22 16:00:00+00:00,67401.47,0.41773363947868347,0,none,,4h,0.0035
run,2026-02-23T00:00:17.201085+00:00,2026-02-22 20:00:00+00:00,67616.63,0.309245765209198,0,none,,4h,0.0035
run,2026-02-23T04:00:08.452506+00:00,2026-02-23 00:00:00+00:00,64927.01,0.3318731486797333,0,none,,4h,0.0035
run,2026-02-23T08:00:12.635221+00:00,2026-02-23 04:00:00+00:00,65941.01,0.2644940912723541,0,none,,4h,0.0035
run,2026-02-23T12:00:14.194728+00:00,2026-02-23 08:00:00+00:00,66209.01,0.567553699016571,1,bought,,4h,0.0035
run,2026-02-23T16:00:12.556200+00:00,2026-02-23 12:00:00+00:00,65649.01,0.538677990436554,1,bought,,4h,0.0035
run,2026-02-23T20:00:09.483251+00:00,2026-02-23 16:00:00+00:00,64289.55,0.4006085693836212,0,none,,4h,0.0035
run,2026-02-24T00:00:41.782098+00:00,2026-02-23 20:00:00+00:00,64636.01,0.45216450095176697,1,bought,,4h,0.0035
run,2026-02-24T04:00:16.163596+00:00,2026-02-24 00:00:00+00:00,63568.05,0.8250415325164795,1,bought_oco_failed,OCO failed: APIError(code=-2010): Account has insufficient balance for requested action.,4h,0.0035
run,2026-02-24T08:00:12.936110+00:00,2026-02-24 04:00:00+00:00,63182.01,0.7712181806564331,1,bought,,4h,0.0035
error,2026-02-24T12:00:14.984763+00:00,APIError(code=-1013): Filter failure: NOTIONAL,BTCUSDC
run,2026-02-24T16:00:16.441677+00:00,2026-02-24 12:00:00+00:00,63978.01,0.55848628282547,1,bought,,4h,0.0035
run,2026-02-24T20:00:09.528581+00:00,2026-02-24 16:00:00+00:00,64439.0,0.2227269560098648,0,none,,4h,0.0035
error,2026-02-25T00:00:37.542698+00:00,APIError(code=-1013): Filter failure: NOTIONAL,BTCUSDC
run,2026-02-25T04:00:11.869868+00:00,2026-02-25 00:00:00+00:00,65390.29,0.1128961592912674,0,none,,4h,0.0035
run,2026-02-25T08:00:09.408606+00:00,2026-02-25 04:00:00+00:00,65026.27,0.1405496746301651,0,none,,4h,0.0035
run,2026-02-25T12:00:14.302236+00:00,2026-02-25 08:00:00+00:00,65425.72,0.27349549531936646,0,none,,4h,0.0035
run,2026-02-25T16:00:13.349080+00:00,2026-02-25 12:00:00+00:00,67404.95,0.47009214758872986,1,bought,,4h,0.0035
run,2026-02-25T20:00:10.394116+00:00,2026-02-25 16:00:00+00:00,69048.6,0.3182854950428009,0,none,,4h,0.0035
run,2026-02-26T00:00:16.668679+00:00,2026-02-25 20:00:00+00:00,67994.1,0.37146058678627014,0,none,,4h,0.0035
run,2026-02-26T04:00:08.244794+00:00,2026-02-26 00:00:00+00:00,68221.0,0.2565646767616272,0,none,,4h,0.0035
run,2026-02-26T08:00:09.635439+00:00,2026-02-26 04:00:00+00:00,67832.5,0.37605467438697815,0,none,,4h,0.0035
run,2026-02-26T12:00:08.831945+00:00,2026-02-26 08:00:00+00:00,68048.21,0.3758155107498169,0,none,,4h,0.0035
run,2026-02-26T16:00:13.408626+00:00,2026-02-26 12:00:00+00:00,67387.52,0.5099011063575745,1,bought,,4h,0.0035
run,2026-02-26T20:00:12.658358+00:00,2026-02-26 16:00:00+00:00,67591.97,0.6521748900413513,1,bought,,4h,0.0035
run,2026-02-27T00:00:20.593783+00:00,2026-02-26 20:00:00+00:00,67485.22,0.8250771164894104,1,bought,,4h,0.0035
run,2026-02-27T04:00:15.461658+00:00,2026-02-27 00:00:00+00:00,67604.62,0.806585431098938,1,bought,,4h,0.0035
error,2026-02-27T08:00:16.126925+00:00,APIError(code=-1013): Filter failure: NOTIONAL,BTCUSDC
run,2026-02-27T12:00:11.208848+00:00,2026-02-27 08:00:00+00:00,66128.71,0.822292685508728,1,bought,,4h,0.0035
run,2026-02-27T16:00:13.147838+00:00,2026-02-27 12:00:00+00:00,66103.39,0.6428868174552917,1,bought,,4h,0.0035
run,2026-02-27T20:00:11.278403+00:00,2026-02-27 16:00:00+00:00,65385.9,0.8467473387718201,1,bought,,4h,0.0035
run_duration,2026-02-27T20:00:12.962344+00:00,7.254,bought,99
run,2026-02-28T00:00:13.697149+00:00,2026-02-27 20:00:00+00:00,65867.01,0.7310799956321716,1,bought,,4h,0.0035
run_duration,2026-02-28T00:00:22.217144+00:00,8.465,bought,101
error,2026-02-28T04:00:12.949007+00:00,APIError(code=-1013): Filter failure: NOTIONAL,BTCUSDC
run,2026-02-28T08:00:12.014964+00:00,2026-02-28 04:00:00+00:00,63823.0,0.5560351610183716,1,bought,,4h,0.0035
run_duration,2026-02-28T08:00:13.573593+00:00,5.137,bought,103
run,2026-02-28T12:00:13.370292+00:00,2026-02-28 08:00:00+00:00,63854.47,0.4558856189250946,1,bought,,4h,0.0035
run_duration,2026-02-28T12:00:14.941661+00:00,7.899,bought,104
run,2026-02-28T16:00:06.393438+00:00,2026-02-28 12:00:00+00:00,64845.01,0.3169534206390381,0,none,,4h,0.0035
run_duration,2026-02-28T16:00:07.352570+00:00,2.553,none,105
run,2026-02-28T20:00:09.969812+00:00,2026-02-28 16:00:00+00:00,66364.2,0.2998563349246979,0,none,,4h,0.0035
run_duration,2026-02-28T20:00:10.756562+00:00,3.418,none,106
run,2026-03-01T00:00:13.761704+00:00,2026-02-28 20:00:00+00:00,66979.22,0.32966145873069763,0,none,,4h,0.0035
run_duration,2026-03-01T00:00:49.962254+00:00,6.213,none,109
run,2026-03-01T04:00:08.046502+00:00,2026-03-01 00:00:00+00:00,67513.0,0.32493191957473755,0,none,,4h,0.0035
run_duration,2026-03-01T04:00:08.859649+00:00,3.133,none,110
run,2026-03-01T08:00:12.767302+00:00,2026-03-01 04:00:00+00:00,67143.44,0.5194644331932068,1,bought,,4h,0.0035
run_duration,2026-03-01T08:00:14.362565+00:00,6.591,bought,111
run,2026-03-01T12:00:12.197532+00:00,2026-03-01 08:00:00+00:00,66474.0,0.6250123381614685,1,bought,,4h,0.0035
run_duration,2026-03-01T12:00:13.728912+00:00,6.736,bought,112
run,2026-03-01T16:00:09.571366+00:00,2026-03-01 12:00:00+00:00,66847.2,0.4167863130569458,0,none,,4h,0.0035
run_duration,2026-03-01T16:00:10.360946+00:00,3.577,none,113
run,2026-03-01T20:00:08.602329+00:00,2026-03-01 16:00:00+00:00,65966.35,0.41733914613723755,0,none,,4h,0.0035
run_duration,2026-03-01T20:00:09.382251+00:00,3.4,none,114
run,2026-03-02T00:00:19.838789+00:00,2026-03-01 20:00:00+00:00,65774.94,0.45623549818992615,1,bought,,4h,0.0035
run_duration,2026-03-02T00:00:22.819561+00:00,12.733,bought,115
error,2026-03-02T04:00:13.361255+00:00,APIError(code=-1013): Filter failure: NOTIONAL,BTCUSDC
error,2026-03-02T08:00:15.042947+00:00,APIError(code=-1013): Filter failure: NOTIONAL,BTCUSDC
error,2026-03-02T12:00:13.460411+00:00,APIError(code=-1013): Filter failure: NOTIONAL,BTCUSDC
run,2026-03-02T16:00:08.719220+00:00,2026-03-02 12:00:00+00:00,69120.99,0.3301593065261841,0,none,,4h,0.0035
run_duration,2026-03-02T16:00:09.554209+00:00,3.143,none,119
run,2026-03-02T20:00:09.500821+00:00,2026-03-02 16:00:00+00:00,68975.55,0.4414792060852051,1,bought,,4h,0.0035
run_duration,2026-03-02T20:00:11.127021+00:00,5.249,bought,120
error,2026-03-03T00:00:17.025352+00:00,APIError(code=-1013): Filter failure: NOTIONAL,BTCUSDC
run,2026-03-03T04:00:12.761943+00:00,2026-03-03 00:00:00+00:00,68364.46,0.5687253475189209,1,bought,,4h,0.0035
run_duration,2026-03-03T04:00:14.353339+00:00,7.033,bought,122
run,2026-03-03T08:00:12.198168+00:00,2026-03-03 04:00:00+00:00,68170.02,0.6982018947601318,1,bought,,4h,0.0035
run_duration,2026-03-03T08:00:13.791707+00:00,6.894,bought,123
run,2026-03-03T12:00:13.886776+00:00,2026-03-03 08:00:00+00:00,67023.96,0.5790262818336487,1,bought,,4h,0.0035
run_duration,2026-03-03T12:00:15.505571+00:00,8.83,bought,124
run,2026-03-03T16:00:13.764171+00:00,2026-03-03 12:00:00+00:00,67722.17,0.5968140959739685,1,bought,,4h,0.0035
run_duration,2026-03-03T16:00:15.357962+00:00,8.092,bought,125
error,2026-03-03T20:00:11.364637+00:00,APIError(code=-1013): Filter failure: NOTIONAL,BTCUSDC
error,2026-03-04T00:00:24.511495+00:00,APIError(code=-1013): Filter failure: NOTIONAL,BTCUSDC
run,2026-03-04T04:00:10.591997+00:00,2026-03-04 00:00:00+00:00,67746.9,0.800754189491272,1,bought,,4h,0.0035
run_duration,2026-03-04T04:00:12.251209+00:00,5.806,bought,128
error,2026-03-04T08:00:12.026296+00:00,APIError(code=-1013): Filter failure: NOTIONAL,BTCUSDC
run,2026-03-04T12:00:12.470358+00:00,2026-03-04 08:00:00+00:00,71109.49,0.4916614592075348,1,bought,,4h,0.0035
run_duration,2026-03-04T12:00:14.138162+00:00,7.69,bought,130
run,2026-03-04T16:00:09.423548+00:00,2026-03-04 12:00:00+00:00,73416.12,0.1472281813621521,0,none,,4h,0.0035
run_duration,2026-03-04T16:00:10.187000+00:00,3.848,none,131
run,2026-03-04T20:00:06.940638+00:00,2026-03-04 16:00:00+00:00,73648.24,0.20460155606269836,0,none,,4h,0.0035
run_duration,2026-03-04T20:00:07.751800+00:00,2.696,none,132
run,2026-03-05T00:00:17.587713+00:00,2026-03-04 20:00:00+00:00,72686.18,0.15018996596336365,0,none,,4h,0.0035
run_duration,2026-03-05T00:00:19.704859+00:00,6.929,none,133
run,2026-03-05T04:00:08.967643+00:00,2026-03-05 00:00:00+00:00,72515.28,0.24684129655361176,0,none,,4h,0.0035
run_duration,2026-03-05T04:00:09.807228+00:00,4.054,none,134
run,2026-03-05T08:00:12.205897+00:00,2026-03-05 04:00:00+00:00,72077.28,0.189687579870224,0,none,,4h,0.0035
run_duration,2026-03-05T08:00:13.038699+00:00,3.658,none,135
run,2026-03-05T12:00:10.465966+00:00,2026-03-05 08:00:00+00:00,72932.01,0.18932580947875977,0,none,,4h,0.0035
run_duration,2026-03-05T12:00:11.268495+00:00,4.403,none,136
run,2026-03-05T16:00:08.821695+00:00,2026-03-05 12:00:00+00:00,71671.17,0.3976096510887146,0,none,,4h,0.0035
run_duration,2026-03-05T16:00:09.743251+00:00,3.353,none,137
run,2026-03-05T20:00:07.041432+00:00,2026-03-05 16:00:00+00:00,70921.99,0.24923600256443024,0,none,,4h,0.0035
run_duration,2026-03-05T20:00:07.811224+00:00,2.522,none,138
run,2026-03-06T00:00:20.482485+00:00,2026-03-05 20:00:00+00:00,70887.07,0.419783353805542,0,none,,4h,0.0035
run_duration,2026-03-06T00:00:22.779351+00:00,6.324,none,139
run,2026-03-06T04:00:12.093909+00:00,2026-03-06 00:00:00+00:00,71090.49,0.6309059858322144,1,bought,,4h,0.0035
run_duration,2026-03-06T04:00:13.693686+00:00,7.023,bought,140
run,2026-03-06T08:00:14.071123+00:00,2026-03-06 04:00:00+00:00,71067.27,0.6900582313537598,1,bought,,4h,0.0035
run_duration,2026-03-06T08:00:15.633734+00:00,7.74,bought,141
run,2026-03-06T12:00:12.157044+00:00,2026-03-06 08:00:00+00:00,70222.13,0.5005311965942383,1,bought,,4h,0.0035
run_duration,2026-03-06T12:00:13.768927+00:00,6.226,bought,142
run,2026-03-06T16:00:10.860058+00:00,2026-03-06 12:00:00+00:00,68509.45,0.606910228729248,1,bought,,4h,0.0035
run_duration,2026-03-06T16:00:12.487148+00:00,6.3,bought,143
run,2026-03-06T20:00:09.317936+00:00,2026-03-06 16:00:00+00:00,68120.33,0.5527344346046448,1,bought,,4h,0.0035
run_duration,2026-03-06T20:00:10.876406+00:00,5.477,bought,144
run,2026-03-07T00:00:16.947846+00:00,2026-03-06 20:00:00+00:00,68114.01,0.4457952678203583,1,bought,,4h,0.0035
run_duration,2026-03-07T00:00:26.050104+00:00,10.557,bought,145
run,2026-03-07T04:00:08.075317+00:00,2026-03-07 00:00:00+00:00,68099.03,0.34491097927093506,0,none,,4h,0.0035
run_duration,2026-03-07T04:00:08.946770+00:00,3.302,none,146
run,2026-03-07T08:00:13.112740+00:00,2026-03-07 04:00:00+00:00,67840.0,0.6705226898193359,1,bought,,4h,0.0035
run_duration,2026-03-07T08:00:14.760188+00:00,6.71,bought,147
run,2026-03-07T12:00:09.372216+00:00,2026-03-07 08:00:00+00:00,68010.89,0.27816087007522583,0,none,,4h,0.0035
run_duration,2026-03-07T12:00:10.242652+00:00,4.197,none,148
error,2026-03-07T16:00:11.207773+00:00,APIError(code=-1013): Filter failure: NOTIONAL,BTCUSDC
run,2026-03-07T20:00:10.047704+00:00,2026-03-07 16:00:00+00:00,67080.02,0.7397741079330444,1,bought,,4h,0.0035
run_duration,2026-03-07T20:00:11.634315+00:00,5.124,bought,150
error,2026-03-08T00:00:49.587689+00:00,APIError(code=-1013): Filter failure: NOTIONAL,BTCUSDC
run,2026-03-08T04:00:09.130637+00:00,2026-03-08 00:00:00+00:00,67005.01,0.3122091293334961,0,none,,4h,0.0035
run_duration,2026-03-08T04:00:09.955898+00:00,3.561,none,154
run,2026-03-08T08:00:09.139188+00:00,2026-03-08 04:00:00+00:00,67311.68,0.33928564190864563,0,none,,4h,0.0035
run_duration,2026-03-08T08:00:09.950109+00:00,3.677,none,155
run,2026-03-08T12:00:09.642473+00:00,2026-03-08 08:00:00+00:00,67517.41,0.7138832807540894,1,bought,,4h,0.0035
run_duration,2026-03-08T12:00:11.246777+00:00,5.977,bought,156
run,2026-03-08T16:00:11.165772+00:00,2026-03-08 12:00:00+00:00,67214.97,0.7755687236785889,1,bought,,4h,0.0035
run_duration,2026-03-08T16:00:12.717650+00:00,6.249,bought,157
run,2026-03-08T20:00:09.507989+00:00,2026-03-08 16:00:00+00:00,67333.32,0.6554109454154968,1,bought,,4h,0.0035
run_duration,2026-03-08T20:00:11.074410+00:00,4.558,bought,158
run,2026-03-09T00:00:20.662054+00:00,2026-03-08 20:00:00+00:00,65966.0,0.8004328012466431,1,bought,,4h,0.0035
run_duration,2026-03-09T00:00:23.543861+00:00,8.772,bought,159
error,2026-03-09T04:00:09.356174+00:00,APIError(code=-1013): Filter failure: NOTIONAL,BTCUSDC
error,2026-03-09T08:00:14.425865+00:00,APIError(code=-1013): Filter failure: NOTIONAL,BTCUSDC
error,2026-03-09T12:00:10.798406+00:00,APIError(code=-1013): Filter failure: NOTIONAL,BTCUSDC
run,2026-03-09T16:00:07.884436+00:00,2026-03-09 12:00:00+00:00,68874.31,0.3283223509788513,0,none,,4h,0.0035
run_duration,2026-03-09T16:00:08.708162+00:00,3.469,none,163
run,2026-03-09T20:00:06.477329+00:00,2026-03-09 16:00:00+00:00,69005.3,0.10942292958498001,0,none,,4h,0.0035
run_duration,2026-03-09T20:00:07.286528+00:00,2.588,none,164
run,2026-03-10T00:00:08.323268+00:00,2026-03-09 20:00:00+00:00,68438.71,0.2870749831199646,0,none,,4h,0.0035
run_duration,2026-03-10T00:00:12.031731+00:00,3.464,none,165
run,2026-03-10T04:00:08.286579+00:00,2026-03-10 00:00:00+00:00,69429.99,0.3458435535430908,0,none,,4h,0.0035
run_duration,2026-03-10T04:00:09.101366+00:00,3.566,none,166
run,2026-03-10T08:00:08.585645+00:00,2026-03-10 04:00:00+00:00,70408.0,0.4025275409221649,0,none,,4h,0.0035
run_duration,2026-03-10T08:00:09.471741+00:00,4.014,none,167
run,2026-03-10T12:00:08.993505+00:00,2026-03-10 08:00:00+00:00,70601.52,0.35349175333976746,0,none,,4h,0.0035
run_duration,2026-03-10T12:00:09.786241+00:00,3.43,none,168
run,2026-03-10T16:00:10.248086+00:00,2026-03-10 12:00:00+00:00,71356.56,0.25971999764442444,0,none,,4h,0.0035
run_duration,2026-03-10T16:00:11.038554+00:00,3.671,none,169
run,2026-03-10T20:00:09.742594+00:00,2026-03-10 16:00:00+00:00,70046.56,0.27039793133735657,0,none,,4h,0.0035
run_duration,2026-03-10T20:00:10.539916+00:00,3.432,none,170
run,2026-03-11T00:00:25.016498+00:00,2026-03-10 20:00:00+00:00,69958.0,0.47544366121292114,1,bought,,4h,0.0035
run_duration,2026-03-11T00:00:29.409834+00:00,16.182,bought,171
run,2026-03-11T04:00:10.849306+00:00,2026-03-11 00:00:00+00:00,69554.27,0.6135715842247009,1,bought,,4h,0.0035
run_duration,2026-03-11T04:00:12.447903+00:00,6.038,bought,172
error,2026-03-11T08:00:10.785964+00:00,APIError(code=-1013): Filter failure: NOTIONAL,BTCUSDC
run,2026-03-11T12:00:10.623980+00:00,2026-03-11 08:00:00+00:00,69183.02,0.796893298625946,1,bought,,4h,0.0035
run_duration,2026-03-11T12:00:12.164673+00:00,6.615,bought,174
error,2026-03-11T16:00:10.907881+00:00,APIError(code=-1013): Filter failure: NOTIONAL,BTCUSDC
error,2026-03-11T20:00:09.109861+00:00,APIError(code=-1013): Filter failure: NOTIONAL,BTCUSDC
error,2026-03-12T00:00:19.676889+00:00,APIError(code=-1013): Filter failure: NOTIONAL,BTCUSDC
error,2026-03-12T04:00:10.684624+00:00,APIError(code=-1013): Filter failure: NOTIONAL,BTCUSDC
error,2026-03-12T08:00:11.877322+00:00,APIError(code=-1013): Filter failure: NOTIONAL,BTCUSDC
error,2026-03-12T12:00:11.179700+00:00,APIError(code=-1013): Filter failure: NOTIONAL,BTCUSDC
error,2026-03-12T16:00:12.457392+00:00,APIError(code=-1013): Filter failure: NOTIONAL,BTCUSDC
error,2026-03-12T20:00:10.610402+00:00,APIError(code=-1013): Filter failure: NOTIONAL,BTCUSDC
run,2026-03-13T00:00:13.264701+00:00,2026-03-12 20:00:00+00:00,70528.8,0.39790502190589905,0,none,,4h,0.0035
run_duration,2026-03-13T00:00:19.125513+00:00,5.0,none,183
error,2026-03-13T04:00:10.549712+00:00,APIError(code=-1013): Filter failure: NOTIONAL,BTCUSDC
error,2026-03-13T08:00:12.177469+00:00,APIError(code=-1013): Filter failure: NOTIONAL,BTCUSDC
run,2026-03-13T12:00:12.492074+00:00,2026-03-13 08:00:00+00:00,72242.01,0.5299224257469177,1,bought,,4h,0.0035
run_duration,2026-03-13T12:00:14.117597+00:00,7.49,bought,186
run,2026-03-13T16:00:12.983851+00:00,2026-03-13 12:00:00+00:00,71849.62,0.44757699966430664,1,bought,,4h,0.0035
run_duration,2026-03-13T16:00:14.560603+00:00,6.867,bought,187
run,2026-03-13T20:00:08.379423+00:00,2026-03-13 16:00:00+00:00,71191.64,0.33951544761657715,0,none,,4h,0.0035
run_duration,2026-03-13T20:00:09.177087+00:00,2.979,none,188
run,2026-03-14T00:00:23.777660+00:00,2026-03-13 20:00:00+00:00,70945.17,0.5241855382919312,1,bought,,4h,0.0035
run_duration,2026-03-14T00:00:26.541541+00:00,11.808,bought,189
run,2026-03-14T04:00:07.892623+00:00,2026-03-14 00:00:00+00:00,71090.0,0.41373708844184875,0,none,,4h,0.0035
run_duration,2026-03-14T04:00:08.820979+00:00,3.33,none,190
run,2026-03-14T08:00:08.662311+00:00,2026-03-14 04:00:00+00:00,70611.91,0.39049437642097473,0,none,,4h,0.0035
run_duration,2026-03-14T08:00:09.480951+00:00,3.647,none,191
run,2026-03-14T12:00:15.144656+00:00,2026-03-14 08:00:00+00:00,70758.34,0.5506018400192261,1,bought,,4h,0.0035
run_duration,2026-03-14T12:00:16.837103+00:00,8.385,bought,192
error,2026-03-14T16:00:12.798412+00:00,APIError(code=-1013): Filter failure: NOTIONAL,BTCUSDC
error,2026-03-14T20:00:13.791657+00:00,APIError(code=-1013): Filter failure: NOTIONAL,BTCUSDC
error,2026-03-15T00:00:28.422311+00:00,APIError(code=-1013): Filter failure: NOTIONAL,BTCUSDC
error,2026-03-15T04:00:12.509557+00:00,APIError(code=-1013): Filter failure: NOTIONAL,BTCUSDC
error,2026-03-15T08:00:12.274961+00:00,APIError(code=-1013): Filter failure: NOTIONAL,BTCUSDC
run,2026-03-15T12:00:07.111791+00:00,2026-03-15 08:00:00+00:00,71856.99,0.39366868138313293,0,none,,4h,0.0035
run_duration,2026-03-15T12:00:08.015256+00:00,3.4,none,198
error,2026-03-15T16:00:11.103342+00:00,APIError(code=-1013): Filter failure: NOTIONAL,BTCUSDC
run,2026-03-15T20:00:08.615581+00:00,2026-03-15 16:00:00+00:00,71566.63,0.3631671071052551,0,none,,4h,0.0035
run_duration,2026-03-15T20:00:09.420572+00:00,3.343,none,200
error,2026-03-16T00:00:17.571300+00:00,APIError(code=-1013): Filter failure: NOTIONAL,BTCUSDC
run,2026-03-16T04:00:10.333104+00:00,2026-03-16 00:00:00+00:00,73581.0,0.552744448184967,1,bought,,4h,0.0035
run_duration,2026-03-16T04:00:11.911295+00:00,5.649,bought,202
error,2026-03-16T08:00:11.060832+00:00,APIError(code=-1013): Filter failure: NOTIONAL,BTCUSDC
run,2026-03-16T12:00:09.350264+00:00,2026-03-16 08:00:00+00:00,73559.75,0.4121347963809967,0,none,,4h,0.0035
run_duration,2026-03-16T12:00:10.201661+00:00,3.295,none,204
run,2026-03-16T16:00:10.702723+00:00,2026-03-16 12:00:00+00:00,73286.85,0.2581886649131775,0,none,,4h,0.0035
run_duration,2026-03-16T16:00:11.517920+00:00,3.214,none,205
run,2026-03-16T20:00:06.033687+00:00,2026-03-16 16:00:00+00:00,73973.51,0.22833962738513947,0,none,,4h,0.0035
run_duration,2026-03-16T20:00:06.836698+00:00,2.841,none,206
run,2026-03-17T00:00:11.647741+00:00,2026-03-16 20:00:00+00:00,74886.98,0.2356058806180954,0,none,,4h,0.0035
run_duration,2026-03-17T00:00:13.287616+00:00,4.28,none,207
run,2026-03-17T04:00:07.354410+00:00,2026-03-17 00:00:00+00:00,74470.99,0.15334540605545044,0,none,,4h,0.0035
run_duration,2026-03-17T04:00:08.153627+00:00,3.296,none,208
run,2026-03-17T08:00:09.697457+00:00,2026-03-17 04:00:00+00:00,74260.9,0.2738018333911896,0,none,,4h,0.0035
run_duration,2026-03-17T08:00:10.463563+00:00,4.148,none,209
run,2026-03-17T12:00:09.491612+00:00,2026-03-17 08:00:00+00:00,74043.99,0.2959035634994507,0,none,,4h,0.0035
run_duration,2026-03-17T12:00:10.286877+00:00,3.741,none,210
run,2026-03-17T16:00:08.039175+00:00,2026-03-17 12:00:00+00:00,73939.92,0.30361276865005493,0,none,,4h,0.0035
run_duration,2026-03-17T16:00:08.840597+00:00,2.484,none,211
run,2026-03-17T20:00:10.234120+00:00,2026-03-17 16:00:00+00:00,74533.01,0.45397379994392395,1,bought,,4h,0.0035
run_duration,2026-03-17T20:00:11.913391+00:00,5.927,bought,212
run,2026-03-18T00:00:18.059488+00:00,2026-03-17 20:00:00+00:00,73935.89,0.6967384219169617,1,bought,,4h,0.0035
run_duration,2026-03-18T00:00:24.974565+00:00,8.669,bought,213
run,2026-03-18T04:00:11.144034+00:00,2026-03-18 00:00:00+00:00,74482.0,0.42983290553092957,1,bought,,4h,0.0035
run_duration,2026-03-18T04:00:13.229101+00:00,6.14,bought,214
run,2026-03-18T08:00:13.682933+00:00,2026-03-18 04:00:00+00:00,73902.01,0.705707848072052,1,bought,,4h,0.0035
run_duration,2026-03-18T08:00:15.389161+00:00,7.921,bought,215
run,2026-03-18T12:00:14.070357+00:00,2026-03-18 08:00:00+00:00,72975.44,0.7867294549942017,1,bought,,4h,0.0035
run_duration,2026-03-18T12:00:15.686878+00:00,7.858,bought,216
run,2026-03-18T16:00:13.543609+00:00,2026-03-18 12:00:00+00:00,71482.02,0.7919244170188904,1,bought,,4h,0.0035
run_duration,2026-03-18T16:00:15.145573+00:00,7.857,bought,217
run,2026-03-18T20:00:13.802942+00:00,2026-03-18 16:00:00+00:00,71075.99,0.6968741416931152,1,bought,,4h,0.0035
run_duration,2026-03-18T20:00:15.392762+00:00,8.081,bought,218
run,2026-03-19T00:00:17.615447+00:00,2026-03-18 20:00:00+00:00,71254.28,0.7426103949546814,1,bought,,4h,0.0035
run_duration,2026-03-19T00:00:24.868448+00:00,7.087,bought,219
error,2026-03-19T04:00:13.207114+00:00,APIError(code=-1013): Filter failure: NOTIONAL,BTCUSDC
run,2026-03-19T08:00:12.669587+00:00,2026-03-19 04:00:00+00:00,70202.82,0.5945177674293518,1,bought,,4h,0.0035
run_duration,2026-03-19T08:00:14.356583+00:00,7.704,bought,221
error,2026-03-19T12:00:11.031473+00:00,APIError(code=-1013): Filter failure: NOTIONAL,BTCUSDC
run,2026-03-19T16:00:12.020175+00:00,2026-03-19 12:00:00+00:00,69411.99,0.5700667500495911,1,bought,,4h,0.0035
run_duration,2026-03-19T16:00:13.740646+00:00,6.398,bought,223
error,2026-03-19T20:00:09.853229+00:00,APIError(code=-1013): Filter failure: NOTIONAL,BTCUSDC
error,2026-03-20T00:00:22.330041+00:00,APIError(code=-1013): Filter failure: NOTIONAL,BTCUSDC
error,2026-03-20T04:00:10.524608+00:00,APIError(code=-1013): Filter failure: NOTIONAL,BTCUSDC
error,2026-03-20T08:00:09.646365+00:00,APIError(code=-1013): Filter failure: NOTIONAL,BTCUSDC
error,2026-03-20T12:00:11.430962+00:00,APIError(code=-1013): Filter failure: NOTIONAL,BTCUSDC
run,2026-03-20T16:00:08.218376+00:00,2026-03-20 12:00:00+00:00,69845.01,0.4004284739494324,0,none,,4h,0.0035
run_duration,2026-03-20T16:00:09.087372+00:00,2.677,none,229
run,2026-03-20T20:00:07.899067+00:00,2026-03-20 16:00:00+00:00,70174.89,0.33089643716812134,0,none,,4h,0.0035
run_duration,2026-03-20T20:00:08.767528+00:00,3.131,none,230
run,2026-03-21T00:00:14.708045+00:00,2026-03-20 20:00:00+00:00,70503.8,0.34498459100723267,0,none,,4h,0.0035
run_duration,2026-03-21T00:00:15.596256+00:00,5.632,none,231
error,2026-03-21T04:00:10.193692+00:00,APIError(code=-1013): Filter failure: NOTIONAL,BTCUSDC
error,2026-03-21T08:00:12.058260+00:00,APIError(code=-1013): Filter failure: NOTIONAL,BTCUSDC
error,2026-03-21T12:00:13.405499+00:00,APIError(code=-1013): Filter failure: NOTIONAL,BTCUSDC
error,2026-03-21T16:00:10.676644+00:00,APIError(code=-1013): Filter failure: NOTIONAL,BTCUSDC
error,2026-03-21T20:00:10.848504+00:00,APIError(code=-1013): Filter failure: NOTIONAL,BTCUSDC
run,2026-03-22T00:00:19.753879+00:00,2026-03-21 20:00:00+00:00,68912.83,0.8978463411331177,1,bought,,4h,0.0035
run_duration,2026-03-22T00:00:49.071942+00:00,9.212,bought,239
run,2026-03-22T04:00:10.919539+00:00,2026-03-22 00:00:00+00:00,69338.71,0.6887333393096924,1,bought,,4h,0.0035
run_duration,2026-03-22T04:00:12.473448+00:00,5.586,bought,240
run,2026-03-22T08:00:12.101059+00:00,2026-03-22 04:00:00+00:00,68905.96,0.7966505289077759,1,bought,,4h,0.0035
run_duration,2026-03-22T08:00:13.685599+00:00,6.262,bought,241
run,2026-03-22T12:00:13.033595+00:00,2026-03-22 08:00:00+00:00,68210.0,0.6927363276481628,1,bought,,4h,0.0035
run_duration,2026-03-22T12:00:14.609499+00:00,6.752,bought,242
error,2026-03-22T16:00:10.995435+00:00,APIError(code=-1013): Filter failure: NOTIONAL,BTCUSDC
error,2026-03-22T20:00:10.067078+00:00,APIError(code=-1013): Filter failure: NOTIONAL,BTCUSDC
run,2026-03-23T00:00:14.128775+00:00,2026-03-22 20:00:00+00:00,67856.4,0.5835439562797546,1,bought,,4h,0.0035
run_duration,2026-03-23T00:00:17.367128+00:00,8.285,bought,245
run,2026-03-23T04:00:09.472920+00:00,2026-03-23 00:00:00+00:00,68062.52,0.7026951313018799,1,bought,,4h,0.0035
run_duration,2026-03-23T04:00:11.147828+00:00,5.06,bought,246
run,2026-03-23T08:00:12.855781+00:00,2026-03-23 04:00:00+00:00,68316.95,0.4651475250720978,1,bought,,4h,0.0035
run_duration,2026-03-23T08:00:14.491180+00:00,7.19,bought,247
run,2026-03-23T12:00:12.705309+00:00,2026-03-23 08:00:00+00:00,70108.5,0.7054371237754822,1,bought,,4h,0.0035
run_duration,2026-03-23T12:00:14.345635+00:00,6.898,bought,248
run,2026-03-23T16:00:12.611877+00:00,2026-03-23 12:00:00+00:00,70119.59,0.6019362807273865,1,bought,,4h,0.0035
run_duration,2026-03-23T16:00:14.273170+00:00,5.961,bought,249
error,2026-03-23T20:00:10.445579+00:00,APIError(code=-1013): Filter failure: NOTIONAL,BTCUSDC
error,2026-03-24T00:00:19.542559+00:00,APIError(code=-1013): Filter failure: NOTIONAL,BTCUSDC
error,2026-03-24T04:00:12.261381+00:00,APIError(code=-1013): Filter failure: NOTIONAL,BTCUSDC
error,2026-03-24T08:00:14.620426+00:00,APIError(code=-1013): Filter failure: NOTIONAL,BTCUSDC
error,2026-03-24T12:00:13.653364+00:00,APIError(code=-1013): Filter failure: NOTIONAL,BTCUSDC
run,2026-03-24T16:00:12.219694+00:00,2026-03-24 12:00:00+00:00,69860.28,0.44820550084114075,1,bought,,4h,0.0035
run_duration,2026-03-24T16:00:13.827532+00:00,6.742,bought,255
run,2026-03-24T20:00:12.382187+00:00,2026-03-24 16:00:00+00:00,69344.76,0.6410287022590637,1,bought,,4h,0.0035
run_duration,2026-03-24T20:00:13.969114+00:00,6.409,bought,256
error,2026-03-25T00:00:18.879362+00:00,APIError(code=-1013): Filter failure: NOTIONAL,BTCUSDC
error,2026-03-25T04:00:10.354681+00:00,APIError(code=-1013): Filter failure: NOTIONAL,BTCUSDC
error,2026-03-25T08:00:13.662077+00:00,APIError(code=-1013): Filter failure: NOTIONAL,BTCUSDC
error,2026-03-25T12:00:12.946778+00:00,APIError(code=-1013): Filter failure: NOTIONAL,BTCUSDC
run,2026-03-25T16:00:08.907808+00:00,2026-03-25 12:00:00+00:00,70824.35,0.22561068832874298,0,none,,4h,0.0035
run_duration,2026-03-25T16:00:09.699466+00:00,3.154,none,261
error,2026-03-25T20:00:11.035779+00:00,APIError(code=-1013): Filter failure: NOTIONAL,BTCUSDC
error,2026-03-26T00:00:24.439501+00:00,APIError(code=-1013): Filter failure: NOTIONAL,BTCUSDC
error,2026-03-26T04:00:12.014055+00:00,APIError(code=-1013): Filter failure: NOTIONAL,BTCUSDC
error,2026-03-26T08:00:15.685507+00:00,APIError(code=-1013): Filter failure: NOTIONAL,BTCUSDC
error,2026-03-26T12:00:12.929752+00:00,APIError(code=-1013): Filter failure: NOTIONAL,BTCUSDC
run,2026-03-26T16:00:09.682285+00:00,2026-03-26 12:00:00+00:00,69062.0,0.4120720326900482,0,none,,4h,0.0035
run_duration,2026-03-26T16:00:10.475307+00:00,4.583,none,267
run,2026-03-26T20:00:09.865748+00:00,2026-03-26 16:00:00+00:00,68503.04,0.301497220993042,0,none,,4h,0.0035
run_duration,2026-03-26T20:00:10.648253+00:00,3.715,none,268
run,2026-03-27T00:00:15.055796+00:00,2026-03-26 20:00:00+00:00,68788.81,0.3880852162837982,0,none,,4h,0.0035
run_duration,2026-03-27T00:00:16.171347+00:00,4.936,none,269
run,2026-03-27T04:00:12.246982+00:00,2026-03-27 00:00:00+00:00,68741.21,0.6096698045730591,1,bought,,4h,0.0035
run_duration,2026-03-27T04:00:13.984494+00:00,6.871,bought,270
run,2026-03-27T08:00:12.576545+00:00,2026-03-27 04:00:00+00:00,68508.31,0.8448987007141113,1,bought,,4h,0.0035
run_duration,2026-03-27T08:00:14.304637+00:00,7.305,bought,271
run,2026-03-27T12:00:12.154096+00:00,2026-03-27 08:00:00+00:00,66685.17,0.6738241314888,1,bought,,4h,0.0035
run_duration,2026-03-27T12:00:13.778859+00:00,7.165,bought,272
run,2026-03-27T16:00:11.934966+00:00,2026-03-27 12:00:00+00:00,66085.03,0.6449429392814636,1,bought,,4h,0.0035
run_duration,2026-03-27T16:00:13.529419+00:00,5.96,bought,273
run,2026-03-27T20:00:10.900471+00:00,2026-03-27 16:00:00+00:00,66003.01,0.4670301079750061,1,bought,,4h,0.0035
run_duration,2026-03-27T20:00:12.482583+00:00,6.462,bought,274
error,2026-03-28T00:00:19.387163+00:00,APIError(code=-1013): Filter failure: NOTIONAL,BTCUSDC
error,2026-03-28T04:00:10.229793+00:00,APIError(code=-1013): Filter failure: NOTIONAL,BTCUSDC
error,2026-03-28T08:00:12.681506+00:00,APIError(code=-1013): Filter failure: NOTIONAL,BTCUSDC
error,2026-03-28T12:00:13.144602+00:00,APIError(code=-1013): Filter failure: NOTIONAL,BTCUSDC
run,2026-03-28T16:00:09.202299+00:00,2026-03-28 12:00:00+00:00,66981.14,0.2829265892505646,0,none,,4h,0.0035
run_duration,2026-03-28T16:00:10.067239+00:00,3.777,none,279
run,2026-03-28T20:00:07.819008+00:00,2026-03-28 16:00:00+00:00,66874.57,0.1844710260629654,0,none,,4h,0.0035
run_duration,2026-03-28T20:00:08.684741+00:00,3.018,none,280
error,2026-03-29T00:00:33.752018+00:00,APIError(code=-1013): Filter failure: NOTIONAL,BTCUSDC
run,2026-03-29T04:00:09.210098+00:00,2026-03-29 00:00:00+00:00,66870.27,0.3618934750556946,0,none,,4h,0.0035
run_duration,2026-03-29T04:00:10.052292+00:00,4.129,none,282
error,2026-03-29T08:00:12.122328+00:00,APIError(code=-1013): Filter failure: NOTIONAL,BTCUSDC
run,2026-03-29T12:00:08.357342+00:00,2026-03-29 08:00:00+00:00,66781.61,0.20523373782634735,0,none,,4h,0.0035
run_duration,2026-03-29T12:00:09.200984+00:00,3.859,none,284
error,2026-03-29T16:00:11.580619+00:00,APIError(code=-1013): Filter failure: NOTIONAL,BTCUSDC
error,2026-03-29T20:00:12.638890+00:00,APIError(code=-1013): Filter failure: NOTIONAL,BTCUSDC
run,2026-03-30T00:00:20.015158+00:00,2026-03-29 20:00:00+00:00,65974.55,0.3998701870441437,0,none,,4h,0.0035
run_duration,2026-03-30T00:00:21.384309+00:00,6.446,none,287
run,2026-03-30T04:00:10.886370+00:00,2026-03-30 00:00:00+00:00,67128.94,0.6576464176177979,1,bought,,4h,0.0035
run_duration,2026-03-30T04:00:12.420290+00:00,6.963,bought,288
error,2026-03-30T08:00:13.070132+00:00,APIError(code=-1013): Filter failure: NOTIONAL,BTCUSDC
error,2026-03-30T12:00:11.790743+00:00,APIError(code=-1013): Filter failure: NOTIONAL,BTCUSDC
error,2026-03-30T16:00:10.698022+00:00,APIError(code=-1013): Filter failure: NOTIONAL,BTCUSDC
run,2026-03-30T20:00:12.657795+00:00,2026-03-30 16:00:00+00:00,66510.85,0.7697073221206665,1,bought,,4h,0.0035
run_duration,2026-03-30T20:00:14.234383+00:00,6.792,bought,292
error,2026-03-31T00:00:18.349882+00:00,APIError(code=-1013): Filter failure: NOTIONAL,BTCUSDC
error,2026-03-31T04:00:10.782902+00:00,APIError(code=-1013): Filter failure: NOTIONAL,BTCUSDC
error,2026-03-31T08:00:16.262410+00:00,APIError(code=-1013): Filter failure: NOTIONAL,BTCUSDC
run,2026-03-31T12:00:13.233552+00:00,2026-03-31 08:00:00+00:00,66645.49,0.5313624143600464,1,bought,,4h,0.0035
run_duration,2026-03-31T12:00:15.376940+00:00,7.236,bought,296
run,2026-03-31T16:00:10.716001+00:00,2026-03-31 12:00:00+00:00,66698.59,0.3824475407600403,0,none,,4h,0.0035
run_duration,2026-03-31T16:00:11.795555+00:00,4.382,none,297
error,2026-03-31T20:00:13.544915+00:00,APIError(code=-1013): Filter failure: NOTIONAL,BTCUSDC
error,2026-04-01T00:00:22.385363+00:00,APIError(code=-1013): Filter failure: NOTIONAL,BTCUSDC
error,2026-04-01T04:00:13.906913+00:00,APIError(code=-1013): Filter failure: NOTIONAL,BTCUSDC
run,2026-04-01T08:00:13.670235+00:00,2026-04-01 04:00:00+00:00,68671.56,0.32488009333610535,0,none,,4h,0.0035
run_duration,2026-04-01T08:00:14.766769+00:00,4.051,none,301
error,2026-04-01T12:00:13.974854+00:00,APIError(code=-1013): Filter failure: NOTIONAL,BTCUSDC
run,2026-04-01T16:00:10.801399+00:00,2026-04-01 12:00:00+00:00,68912.0,0.36020660400390625,0,none,,4h,0.0035
run_duration,2026-04-01T16:00:11.723248+00:00,3.682,none,303
error,2026-04-01T20:00:11.276011+00:00,APIError(code=-1013): Filter failure: NOTIONAL,BTCUSDC
error,2026-04-02T00:00:26.823990+00:00,APIError(code=-1013): Filter failure: NOTIONAL,BTCUSDC
run,2026-04-02T04:00:08.844586+00:00,2026-04-02 00:00:00+00:00,66573.79,0.40496450662612915,0,none,,4h,0.0035
run_duration,2026-04-02T04:00:09.656358+00:00,4.11,none,306
run,2026-04-02T08:00:12.163415+00:00,2026-04-02 04:00:00+00:00,66914.47,0.619418740272522,1,bought,,4h,0.0035
run_duration,2026-04-02T08:00:14.200930+00:00,6.706,bought,307
run,2026-04-02T12:00:11.297034+00:00,2026-04-02 08:00:00+00:00,66208.52,0.40067023038864136,0,none,,4h,0.0035
run_duration,2026-04-02T12:00:12.115962+00:00,5.715,none,308
run,2026-04-02T16:00:09.193721+00:00,2026-04-02 12:00:00+00:00,66841.93,0.3136286735534668,0,none,,4h,0.0035
run_duration,2026-04-02T16:00:10.008077+00:00,4.017,none,309
run,2026-04-02T20:00:11.440879+00:00,2026-04-02 16:00:00+00:00,66976.81,0.5375788807868958,1,bought,,4h,0.0035
run_duration,2026-04-02T20:00:13.062236+00:00,6.169,bought,310
error,2026-04-03T00:00:16.453115+00:00,APIError(code=-1013): Filter failure: NOTIONAL,BTCUSDC
run,2026-04-03T04:00:09.805819+00:00,2026-04-03 00:00:00+00:00,66583.25,0.4082964360713959,0,none,,4h,0.0035
run_duration,2026-04-03T04:00:10.652951+00:00,3.642,none,312
run,2026-04-03T08:00:10.096112+00:00,2026-04-03 04:00:00+00:00,67045.73,0.3602766990661621,0,none,,4h,0.0035
run_duration,2026-04-03T08:00:11.000286+00:00,4.1,none,313
run,2026-04-03T12:00:12.136595+00:00,2026-04-03 08:00:00+00:00,67024.44,0.531263530254364,1,bought,,4h,0.0035
run_duration,2026-04-03T12:00:13.836237+00:00,6.333,bought,314
run,2026-04-03T16:00:10.149741+00:00,2026-04-03 12:00:00+00:00,66833.37,0.43831929564476013,1,bought,,4h,0.0035
run_duration,2026-04-03T16:00:11.799367+00:00,5.481,bought,315
error,2026-04-03T20:00:11.251958+00:00,APIError(code=-1013): Filter failure: NOTIONAL,BTCUSDC
error,2026-04-04T00:00:18.646927+00:00,APIError(code=-1013): Filter failure: NOTIONAL,BTCUSDC
error,2026-04-04T04:00:11.442731+00:00,APIError(code=-1013): Filter failure: NOTIONAL,BTCUSDC
error,2026-04-04T08:00:14.805758+00:00,APIError(code=-1013): Filter failure: NOTIONAL,BTCUSDC
error,2026-04-04T12:00:10.778423+00:00,APIError(code=-1013): Filter failure: NOTIONAL,BTCUSDC
error,2026-04-04T16:00:12.912117+00:00,APIError(code=-1013): Filter failure: NOTIONAL,BTCUSDC
error,2026-04-04T20:00:13.243950+00:00,APIError(code=-1013): Filter failure: NOTIONAL,BTCUSDC
error,2026-04-05T00:00:44.535277+00:00,APIError(code=-1013): Filter failure: NOTIONAL,BTCUSDC
error,2026-04-05T04:00:10.494298+00:00,APIError(code=-1013): Filter failure: NOTIONAL,BTCUSDC
error,2026-04-05T08:00:12.956073+00:00,APIError(code=-1013): Filter failure: NOTIONAL,BTCUSDC
error,2026-04-05T12:00:12.793440+00:00,APIError(code=-1013): Filter failure: NOTIONAL,BTCUSDC
error,2026-04-05T16:00:14.050196+00:00,APIError(code=-1013): Filter failure: NOTIONAL,BTCUSDC
error,2026-04-05T20:00:11.807648+00:00,APIError(code=-1013): Filter failure: NOTIONAL,BTCUSDC
error,2026-04-06T00:00:14.954876+00:00,APIError(code=-1013): Filter failure: NOTIONAL,BTCUSDC
error,2026-04-06T04:00:12.600773+00:00,APIError(code=-1013): Filter failure: NOTIONAL,BTCUSDC
error,2026-04-06T08:00:11.336544+00:00,APIError(code=-1013): Filter failure: NOTIONAL,BTCUSDC
run,2026-04-06T12:00:14.588845+00:00,2026-04-06 08:00:00+00:00,69624.01,0.48608770966529846,1,bought,,4h,0.0035
run_duration,2026-04-06T12:00:16.252357+00:00,7.601,bought,334
run,2026-04-06T16:00:13.371293+00:00,2026-04-06 12:00:00+00:00,69971.01,0.6194360256195068,1,bought,,4h,0.0035
run_duration,2026-04-06T16:00:15.038030+00:00,6.891,bought,335
run,2026-04-06T20:00:10.672047+00:00,2026-04-06 16:00:00+00:00,69743.07,0.6533882021903992,1,bought,,4h,0.0035
run_duration,2026-04-06T20:00:12.400883+00:00,5.763,bought,336
run,2026-04-07T00:00:15.353617+00:00,2026-04-06 20:00:00+00:00,68858.92,0.5778073072433472,1,bought,,4h,0.0035
run_duration,2026-04-07T00:00:18.363633+00:00,9.497,bought,337
run,2026-04-07T04:00:10.975826+00:00,2026-04-07 00:00:00+00:00,68792.26,0.5822573304176331,1,bought,,4h,0.0035
run_duration,2026-04-07T04:00:12.660722+00:00,6.02,bought,338
error,2026-04-07T08:00:15.588989+00:00,APIError(code=-1013): Filter failure: NOTIONAL,BTCUSDC
run,2026-04-07T12:00:14.884108+00:00,2026-04-07 08:00:00+00:00,68341.98,0.6966426372528076,1,bought,,4h,0.0035
run_duration,2026-04-07T12:00:16.529546+00:00,8.591,bought,340
run,2026-04-07T16:00:10.794753+00:00,2026-04-07 12:00:00+00:00,68159.29,0.7042847871780396,1,bought,,4h,0.0035
run_duration,2026-04-07T16:00:12.494749+00:00,5.33,bought,341
error,2026-04-07T20:00:13.527648+00:00,APIError(code=-1013): Filter failure: NOTIONAL,BTCUSDC
run,2026-04-08T00:00:19.391907+00:00,2026-04-07 20:00:00+00:00,71925.45,0.5097211003303528,1,bought,,4h,0.0035
run_duration,2026-04-08T00:00:21.845314+00:00,9.942,bought,343
run,2026-04-08T04:00:15.067911+00:00,2026-04-08 00:00:00+00:00,71297.18,0.5356651544570923,1,bought,,4h,0.0035
run_duration,2026-04-08T04:00:16.787903+00:00,8.445,bought,344
run,2026-04-08T08:00:10.060312+00:00,2026-04-08 04:00:00+00:00,71639.59,0.35585659742355347,0,none,,4h,0.0035
run_duration,2026-04-08T08:00:10.912034+00:00,3.677,none,345
run,2026-04-08T12:00:12.507240+00:00,2026-04-08 08:00:00+00:00,71685.0,0.24472090601921082,0,none,,4h,0.0035
run_duration,2026-04-08T12:00:13.428346+00:00,3.484,none,346
run,2026-04-08T16:00:11.051594+00:00,2026-04-08 12:00:00+00:00,71313.49,0.3320847153663635,0,none,,4h,0.0035
run_duration,2026-04-08T16:00:11.987108+00:00,4.002,none,347
run,2026-04-08T20:00:08.283152+00:00,2026-04-08 16:00:00+00:00,71332.15,0.22659946978092194,0,none,,4h,0.0035
run_duration,2026-04-08T20:00:09.106322+00:00,3.473,none,348
run,2026-04-09T00:00:24.037994+00:00,2026-04-08 20:00:00+00:00,71083.75,0.5982988476753235,1,bought,,4h,0.0035
run_duration,2026-04-09T00:00:25.944469+00:00,15.559,bought,349
run,2026-04-09T04:00:08.187185+00:00,2026-04-09 00:00:00+00:00,71006.2,0.3841021656990051,0,none,,4h,0.0035
run_duration,2026-04-09T04:00:09.101870+00:00,3.504,none,350
run,2026-04-09T08:00:13.449273+00:00,2026-04-09 04:00:00+00:00,70995.78,0.4331614375114441,1,bought,,4h,0.0035
run_duration,2026-04-09T08:00:15.094848+00:00,8.248,bought,351
error,2026-04-09T12:00:12.416708+00:00,APIError(code=-1013): Filter failure: NOTIONAL,BTCUSDC
run,2026-04-09T16:00:08.534511+00:00,2026-04-09 12:00:00+00:00,72155.68,0.24755443632602692,0,none,,4h,0.0035
run_duration,2026-04-09T16:00:09.392553+00:00,3.597,none,353
run,2026-04-09T20:00:08.058735+00:00,2026-04-09 16:00:00+00:00,72109.85,0.28363701701164246,0,none,,4h,0.0035
run_duration,2026-04-09T20:00:08.894974+00:00,3.82,none,354
run,2026-04-10T00:00:18.389769+00:00,2026-04-09 20:00:00+00:00,71803.45,0.4565400779247284,1,bought,,4h,0.0035
run_duration,2026-04-10T00:00:22.366229+00:00,11.007,bought,355
run,2026-04-10T04:00:08.787066+00:00,2026-04-10 00:00:00+00:00,71891.25,0.36644482612609863,0,none,,4h,0.0035
run_duration,2026-04-10T04:00:09.615822+00:00,3.22,none,356
run,2026-04-10T12:00:07.950273+00:00,2026-04-10 08:00:00+00:00,72151.34,0.3848876655101776,0,none,,4h,0.0035
run_duration,2026-04-10T12:00:08.798646+00:00,3.65,none,357
run,2026-04-10T16:00:09.555644+00:00,2026-04-10 12:00:00+00:00,72495.06,0.21101191639900208,0,none,,4h,0.0035
run_duration,2026-04-10T16:00:10.369732+00:00,3.668,none,358
run,2026-04-10T20:00:07.701417+00:00,2026-04-10 16:00:00+00:00,73266.18,0.2256108820438385,0,none,,4h,0.0035
run_duration,2026-04-10T20:00:08.480664+00:00,3.118,none,359
run,2026-04-11T00:00:14.085628+00:00,2026-04-10 20:00:00+00:00,72995.4,0.3894721567630768,0,none,,4h,0.0035
run_duration,2026-04-11T00:00:15.298987+00:00,4.337,none,360
run,2026-04-11T04:00:07.757695+00:00,2026-04-11 00:00:00+00:00,72904.19,0.30788493156433105,0,none,,4h,0.0035
run_duration,2026-04-11T04:00:08.586708+00:00,3.708,none,361
run,2026-04-11T08:00:08.135891+00:00,2026-04-11 04:00:00+00:00,72778.44,0.4053856134414673,0,none,,4h,0.0035
run_duration,2026-04-11T08:00:09.035813+00:00,4.081,none,362
error,2026-04-11T12:00:10.192431+00:00,APIError(code=-1013): Filter failure: NOTIONAL,BTCUSDC
error,2026-04-11T16:00:12.127789+00:00,APIError(code=-1013): Filter failure: NOTIONAL,BTCUSDC
error,2026-04-11T20:00:09.607102+00:00,APIError(code=-1013): Filter failure: NOTIONAL,BTCUSDC
error,2026-04-12T00:00:29.360568+00:00,APIError(code=-1013): Filter failure: NOTIONAL,BTCUSDC
run,2026-04-12T04:00:10.676161+00:00,2026-04-12 00:00:00+00:00,71627.75,0.7783351540565491,1,bought,,4h,0.0035
run_duration,2026-04-12T04:00:12.289829+00:00,6.565,bought,368
error,2026-04-12T08:00:13.165471+00:00,APIError(code=-1013): Filter failure: NOTIONAL,BTCUSDC
error,2026-04-12T12:00:10.634405+00:00,APIError(code=-1013): Filter failure: NOTIONAL,BTCUSDC
run,2026-04-12T16:00:13.569983+00:00,2026-04-12 12:00:00+00:00,70922.89,0.8315305113792419,1,bought,,4h,0.0035
run_duration,2026-04-12T16:00:15.181324+00:00,7.813,bought,371
error,2026-04-12T20:00:09.751060+00:00,APIError(code=-1013): Filter failure: NOTIONAL,BTCUSDC
run,2026-04-13T00:00:20.039637+00:00,2026-04-12 20:00:00+00:00,70756.89,0.6176828742027283,1,bought,,4h,0.0035
run_duration,2026-04-13T00:00:22.000113+00:00,10.487,bought,373
error,2026-04-13T04:00:12.421742+00:00,APIError(code=-1013): Filter failure: NOTIONAL,BTCUSDC
run,2026-04-13T08:00:08.612505+00:00,2026-04-13 04:00:00+00:00,70840.19,0.2766571342945099,0,none,,4h,0.0035
run_duration,2026-04-13T08:00:09.457500+00:00,3.687,none,375
run,2026-04-13T12:00:09.788501+00:00,2026-04-13 08:00:00+00:00,70946.36,0.2782091498374939,0,none,,4h,0.0035
run_duration,2026-04-13T12:00:10.698352+00:00,3.93,none,376
run,2026-04-13T16:00:08.890393+00:00,2026-04-13 12:00:00+00:00,71902.62,0.21630698442459106,0,none,,4h,0.0035
run_duration,2026-04-13T16:00:09.775625+00:00,3.707,none,377
error,2026-04-13T20:00:13.747761+00:00,APIError(code=-1013): Filter failure: NOTIONAL,BTCUSDC
run,2026-04-14T00:00:15.107961+00:00,2026-04-13 20:00:00+00:00,74460.73,0.5551552772521973,1,bought,,4h,0.0035
run_duration,2026-04-14T00:00:17.100480+00:00,10.682,bought,379
