event,ts,candle_ts,close,p_buy,signal
signal,2026-02-03T22:41:24.680497+00:00,2026-02-03 16:00:00+00:00,74935.0,0.21586382389068604,0
signal,2026-02-04T22:11:12.832126+00:00,2026-02-04 16:00:00+00:00,73923.29,0.13853690028190613,0
signal,2026-02-04T22:35:33.832296+00:00,2026-02-04 16:00:00+00:00,73923.29,0.13853690028190613,0
signal,2026-02-05T00:37:23.520625+00:00,2026-02-04 20:00:00+00:00,73165.83,0.4595343768596649,1
trade,2026-02-05T00:37:25.709820+00:00,bought,0.4595343768596649,2026-02-04 20:00:00+00:00,80071,0.00683,72965.31,new(_post)
spread,2026-02-05T00:37:25.713616+00:00,2026-02-04 20:00:00+00:00,1,BOUGHT,73165.83,72965.31,-200.52000000000407,-0.2740623594374658
open_order,2026-02-05T00:37:25.848817+00:00,BTCUSDT,80072,SELL,STOP_LOSS_LIMIT,NEW,0.00683000,0.00000000,72349.80000000,72422.22000000
open_order,2026-02-05T00:37:25.848915+00:00,BTCUSDT,80073,SELL,LIMIT_MAKER,NEW,0.00683000,0.00000000,78120.30000000,0.00000000
signal,2026-02-05T04:00:08.944234+00:00,2026-02-05 00:00:00+00:00,71223.25,0.6636650562286377,1
trade,2026-02-05T04:00:10.784530+00:00,bought,0.6636650562286377,2026-02-05 00:00:00+00:00,107866,0.00699,71231.8,new(_post)
spread,2026-02-05T04:00:10.788990+00:00,2026-02-05 00:00:00+00:00,1,BOUGHT,71223.25,71231.8,8.55000000000291,0.012004506955243244
open_order,2026-02-05T04:00:10.942325+00:00,BTCUSDT,107867,SELL,STOP_LOSS_LIMIT,NEW,0.00699000,0.00000000,70630.92000000,70701.62000000
open_order,2026-02-05T04:00:10.942390+00:00,BTCUSDT,107868,SELL,LIMIT_MAKER,NEW,0.00699000,0.00000000,76264.32000000,0.00000000
signal,2026-02-05T08:00:13.557322+00:00,2026-02-05 04:00:00+00:00,70756.85,0.39856815338134766,1
trade,2026-02-05T08:00:15.449595+00:00,bought,0.39856815338134766,2026-02-05 04:00:00+00:00,144016,0.00704,70748.69,new(_post)
spread,2026-02-05T08:00:15.451670+00:00,2026-02-05 04:00:00+00:00,1,BOUGHT,70756.85,70748.69,-8.160000000003492,-0.011532452335005772
open_order,2026-02-05T08:00:15.597336+00:00,BTCUSDT,144017,SELL,STOP_LOSS_LIMIT,NEW,0.00704000,0.00000000,70151.88000000,70222.10000000
open_order,2026-02-05T08:00:15.597411+00:00,BTCUSDT,144018,SELL,LIMIT_MAKER,NEW,0.00704000,0.00000000,75747.08000000,0.00000000
signal,2026-02-05T12:00:12.976901+00:00,2026-02-05 08:00:00+00:00,70318.35,0.47261306643486023,1
trade,2026-02-05T12:00:14.436598+00:00,bought,0.47261306643486023,2026-02-05 08:00:00+00:00,182199,0.00708,70318.35,new(_post)
spread,2026-02-05T12:00:14.439816+00:00,2026-02-05 08:00:00+00:00,1,BOUGHT,70318.35,70318.35,0.0,0.0
open_order,2026-02-05T12:00:14.578281+00:00,BTCUSDT,182200,SELL,STOP_LOSS_LIMIT,NEW,0.00708000,0.00000000,69725.17000000,69794.97000000
open_order,2026-02-05T12:00:14.578357+00:00,BTCUSDT,182201,SELL,LIMIT_MAKER,NEW,0.00708000,0.00000000,75286.34000000,0.00000000
signal,2026-02-05T16:00:11.951700+00:00,2026-02-05 12:00:00+00:00,67489.07,0.6782289743423462,1
trade,2026-02-05T16:00:13.576127+00:00,bought,0.6782289743423462,2026-02-05 12:00:00+00:00,230814,0.00736,67582.48999999999,new(_post)
spread,2026-02-05T16:00:13.579130+00:00,2026-02-05 12:00:00+00:00,1,BOUGHT,67489.07,67582.48999999999,93.4199999999837,0.13842241417756362
open_order,2026-02-05T16:00:13.715637+00:00,BTCUSDT,230815,SELL,STOP_LOSS_LIMIT,NEW,0.00736000,0.00000000,67012.39000000,67079.47000000
open_order,2026-02-05T16:00:13.715711+00:00,BTCUSDT,230816,SELL,LIMIT_MAKER,NEW,0.00736000,0.00000000,72357.19000000,0.00000000
signal,2026-02-05T20:00:09.353537+00:00,2026-02-05 16:00:00+00:00,65265.65,0.8088498115539551,1
trade,2026-02-05T20:00:10.923825+00:00,bought,0.8088498115539551,2026-02-05 16:00:00+00:00,291836,0.00762,65270.08,new(_post)
spread,2026-02-05T20:00:10.926021+00:00,2026-02-05 16:00:00+00:00,1,BOUGHT,65265.65,65270.08,4.430000000000291,0.006787644036343465
open_order,2026-02-05T20:00:11.071629+00:00,BTCUSDT,291837,SELL,STOP_LOSS_LIMIT,NEW,0.00762000,0.00000000,64719.49000000,64784.27000000
open_order,2026-02-05T20:00:11.071697+00:00,BTCUSDT,291838,SELL,LIMIT_MAKER,NEW,0.00762000,0.00000000,69881.41000000,0.00000000
signal,2026-02-06T00:00:10.317840+00:00,2026-02-05 20:00:00+00:00,62909.86,0.9299485087394714,1
trade,2026-02-06T00:00:12.490093+00:00,bought,0.9299485087394714,2026-02-05 20:00:00+00:00,345937,0.0079,62979.99999999999,new(_post)
spread,2026-02-06T00:00:12.493381+00:00,2026-02-05 20:00:00+00:00,1,BOUGHT,62909.86,62979.99999999999,70.13999999999214,0.1114928566046558
open_order,2026-02-06T00:00:12.639339+00:00,BTCUSDT,345945,SELL,STOP_LOSS_LIMIT,NEW,0.00790000,0.00000000,62448.72000000,62511.23000000
open_order,2026-02-06T00:00:12.639407+00:00,BTCUSDT,345946,SELL,LIMIT_MAKER,NEW,0.00790000,0.00000000,67429.53000000,0.00000000
signal,2026-02-06T04:00:07.411139+00:00,2026-02-06 00:00:00+00:00,64168.33,0.6462347507476807,1
trade,2026-02-06T04:00:09.085842+00:00,bought,0.6462347507476807,2026-02-06 00:00:00+00:00,403411,0.00775,64160.67,new(_post)
spread,2026-02-06T04:00:09.088757+00:00,2026-02-06 00:00:00+00:00,1,BOUGHT,64168.33,64160.67,-7.6600000000034925,-0.011937352896673747
open_order,2026-02-06T04:00:09.223804+00:00,BTCUSDT,403412,SELL,STOP_LOSS_LIMIT,NEW,0.00775000,0.00000000,63619.43000000,63683.12000000
open_order,2026-02-06T04:00:09.223898+00:00,BTCUSDT,403413,SELL,LIMIT_MAKER,NEW,0.00775000,0.00000000,68693.62000000,0.00000000
signal,2026-02-06T08:00:10.288586+00:00,2026-02-06 04:00:00+00:00,64856.0,0.5025986433029175,1
trade,2026-02-06T08:00:12.342065+00:00,bought,0.5025986433029175,2026-02-06 04:00:00+00:00,450857,0.00766,64871.049999999996,new(_post)
spread,2026-02-06T08:00:12.343625+00:00,2026-02-06 04:00:00+00:00,1,BOUGHT,64856.0,64871.049999999996,15.049999999995634,0.023205254718128288
open_order,2026-02-06T08:00:12.478042+00:00,BTCUSDT,450861,SELL,STOP_LOSS_LIMIT,NEW,0.00766000,0.00000000,64323.82000000,64388.21000000
open_order,2026-02-06T08:00:12.478110+00:00,BTCUSDT,450862,SELL,LIMIT_MAKER,NEW,0.00766000,0.00000000,69454.18000000,0.00000000
signal,2026-02-06T12:00:12.276778+00:00,2026-02-06 08:00:00+00:00,66631.32,0.4867479205131531,1
trade,2026-02-06T12:00:14.143923+00:00,bought,0.4867479205131531,2026-02-06 08:00:00+00:00,494541,0.00746,66589.5,new(_post)
spread,2026-02-06T12:00:14.146538+00:00,2026-02-06 08:00:00+00:00,1,BOUGHT,66631.32,66589.5,-41.820000000006985,-0.06276327708952811
open_order,2026-02-06T12:00:14.283613+00:00,BTCUSDT,494542,SELL,STOP_LOSS_LIMIT,NEW,0.00746000,0.00000000,66027.78000000,66093.87000000
open_order,2026-02-06T12:00:14.283684+00:00,BTCUSDT,494543,SELL,LIMIT_MAKER,NEW,0.00746000,0.00000000,71294.04000000,0.00000000
signal,2026-02-06T16:00:11.895375+00:00,2026-02-06 12:00:00+00:00,68626.0,0.15555331110954285,0
signal,2026-02-06T20:00:09.523428+00:00,2026-02-06 16:00:00+00:00,70731.46,0.16605472564697266,0
signal,2026-02-07T00:00:17.339708+00:00,2026-02-06 20:00:00+00:00,70580.26,0.20795698463916779,0
signal,2026-02-07T04:00:10.002184+00:00,2026-02-07 00:00:00+00:00,70918.99,0.2398696392774582,0
signal,2026-02-07T08:00:09.828608+00:00,2026-02-07 04:00:00+00:00,68087.14,0.40673381090164185,1
trade,2026-02-07T08:00:11.722728+00:00,bought,0.40673381090164185,2026-02-07 04:00:00+00:00,682312,0.00729,68074.52,new(_post)
spread,2026-02-07T08:00:11.729207+00:00,2026-02-07 04:00:00+00:00,1,BOUGHT,68087.14,68074.52,-12.619999999995343,-0.01853507138057653
open_order,2026-02-07T08:00:11.871531+00:00,BTCUSDT,682313,SELL,STOP_LOSS_LIMIT,NEW,0.00729000,0.00000000,67500.27000000,67567.84000000
open_order,2026-02-07T08:00:11.871601+00:00,BTCUSDT,682314,SELL,LIMIT_MAKER,NEW,0.00729000,0.00000000,72883.98000000,0.00000000
signal,2026-02-07T12:00:11.391819+00:00,2026-02-07 08:00:00+00:00,67972.65,0.18331387639045715,0
signal,2026-02-07T16:00:11.018623+00:00,2026-02-07 12:00:00+00:00,69151.5,0.11763131618499756,0
signal,2026-02-07T20:00:08.700282+00:00,2026-02-07 16:00:00+00:00,69373.61,0.11268036812543869,0
signal,2026-02-08T00:00:18.201798+00:00,2026-02-07 20:00:00+00:00,69289.38,0.1133374497294426,0
signal,2026-02-08T04:00:08.229615+00:00,2026-02-08 00:00:00+00:00,69099.99,0.2972307801246643,0
signal,2026-02-08T08:00:09.257390+00:00,2026-02-08 04:00:00+00:00,69710.69,0.2128300964832306,0
signal,2026-02-08T12:00:09.976832+00:00,2026-02-08 08:00:00+00:00,70999.98,0.28733158111572266,0
signal,2026-02-08T16:00:11.917842+00:00,2026-02-08 12:00:00+00:00,71188.99,0.3725036084651947,1
trade,2026-02-08T16:00:13.365438+00:00,bought,0.3725036084651947,2026-02-08 12:00:00+00:00,944200,0.00697,71166.12896700144,new(_post)
spread,2026-02-08T16:00:13.367977+00:00,2026-02-08 12:00:00+00:00,1,BOUGHT,71188.99,71166.12896700144,-22.86103299856768,-0.03211315822653216
open_order,2026-02-08T16:00:13.510305+00:00,BTCUSDT,944201,SELL,STOP_LOSS_LIMIT,NEW,0.00697000,0.00000000,70565.80000000,70636.43000000
open_order,2026-02-08T16:00:13.510391+00:00,BTCUSDT,944202,SELL,LIMIT_MAKER,NEW,0.00697000,0.00000000,76194.01000000,0.00000000
signal,2026-02-08T20:00:09.138374+00:00,2026-02-08 16:00:00+00:00,71422.97,0.5225207805633545,1
trade,2026-02-08T20:00:10.957601+00:00,bought,0.5225207805633545,2026-02-08 16:00:00+00:00,976753,0.00694,71422.85,new(_post)
spread,2026-02-08T20:00:10.959974+00:00,2026-02-08 16:00:00+00:00,1,BOUGHT,71422.97,71422.85,-0.11999999999534339,-0.00016801317558323703
open_order,2026-02-08T20:00:11.128841+00:00,BTCUSDT,976754,SELL,STOP_LOSS_LIMIT,NEW,0.00694000,0.00000000,70820.35000000,70891.24000000
open_order,2026-02-08T20:00:11.128945+00:00,BTCUSDT,976755,SELL,LIMIT_MAKER,NEW,0.00694000,0.00000000,76468.87000000,0.00000000
signal,2026-02-09T00:00:21.110245+00:00,2026-02-08 20:00:00+00:00,70330.38,0.5865718722343445,1
trade,2026-02-09T00:00:23.015126+00:00,bought,0.5865718722343445,2026-02-08 20:00:00+00:00,1013869,0.00705,70510.27730496455,new(_post)
spread,2026-02-09T00:00:23.021305+00:00,2026-02-08 20:00:00+00:00,1,BOUGHT,70330.38,70510.27730496455,179.89730496454285,0.25578889942659
open_order,2026-02-09T00:00:23.202662+00:00,BTCUSDT,1013873,SELL,STOP_LOSS_LIMIT,NEW,0.00705000,0.00000000,69915.48000000,69985.46000000
open_order,2026-02-09T00:00:23.203203+00:00,BTCUSDT,1013874,SELL,LIMIT_MAKER,NEW,0.00705000,0.00000000,75491.82000000,0.00000000
signal,2026-02-09T04:00:09.222384+00:00,2026-02-09 00:00:00+00:00,71307.56,0.8335310220718384,1
trade,2026-02-09T04:00:11.295749+00:00,bought,0.8335310220718384,2026-02-09 00:00:00+00:00,1053079,0.00695,71340.48,new(_post)
spread,2026-02-09T04:00:11.297703+00:00,2026-02-09 00:00:00+00:00,1,BOUGHT,71307.56,71340.48,32.919999999998254,0.04616621295132628
open_order,2026-02-09T04:00:11.434867+00:00,BTCUSDT,1053080,SELL,STOP_LOSS_LIMIT,NEW,0.00695000,0.00000000,70738.68000000,70809.49000000
open_order,2026-02-09T04:00:11.434984+00:00,BTCUSDT,1053081,SELL,LIMIT_MAKER,NEW,0.00695000,0.00000000,76380.68000000,0.00000000
signal,2026-02-09T08:00:12.755911+00:00,2026-02-09 04:00:00+00:00,70422.59,0.7722504138946533,1
trade,2026-02-09T08:00:14.648558+00:00,bought,0.7722504138946533,2026-02-09 04:00:00+00:00,1086929,0.00703,70421.7,new(_post)
spread,2026-02-09T08:00:14.650899+00:00,2026-02-09 04:00:00+00:00,1,BOUGHT,70422.59,70421.7,-0.8899999999994179,-0.0012637990167596591
open_order,2026-02-09T08:00:14.793612+00:00,BTCUSDT,1086931,SELL,STOP_LOSS_LIMIT,NEW,0.00703000,0.00000000,69827.65000000,69897.55000000
open_order,2026-02-09T08:00:14.793688+00:00,BTCUSDT,1086932,SELL,LIMIT_MAKER,NEW,0.00703000,0.00000000,75396.99000000,0.00000000
signal,2026-02-09T12:00:12.413243+00:00,2026-02-09 08:00:00+00:00,68928.72,0.8844742774963379,1
trade,2026-02-09T12:00:14.242226+00:00,bought,0.8844742774963379,2026-02-09 08:00:00+00:00,1124989,0.00718,68920.0,new(_post)
spread,2026-02-09T12:00:14.251240+00:00,2026-02-09 08:00:00+00:00,1,BOUGHT,68928.72,68920.0,-8.720000000001164,-0.012650749934139949
open_order,2026-02-09T12:00:14.398960+00:00,BTCUSDT,1124992,SELL,STOP_LOSS_LIMIT,NEW,0.00718000,0.00000000,68338.62000000,68407.02000000
open_order,2026-02-09T12:00:14.399035+00:00,BTCUSDT,1124993,SELL,LIMIT_MAKER,NEW,0.00718000,0.00000000,73789.19000000,0.00000000
signal,2026-02-09T16:00:09.789836+00:00,2026-02-09 12:00:00+00:00,69563.37,0.8535320162773132,1
trade,2026-02-09T16:00:11.699750+00:00,bought,0.8535320162773132,2026-02-09 12:00:00+00:00,1165106,0.00711,69563.37999999999,new(_post)
spread,2026-02-09T16:00:11.701794+00:00,2026-02-09 12:00:00+00:00,1,BOUGHT,69563.37,69563.37999999999,0.00999999999476131,1.4375381751641214e-05
open_order,2026-02-09T16:00:11.840047+00:00,BTCUSDT,1165108,SELL,STOP_LOSS_LIMIT,NEW,0.00711000,0.00000000,68976.57000000,69045.61000000
open_order,2026-02-09T16:00:11.840136+00:00,BTCUSDT,1165109,SELL,LIMIT_MAKER,NEW,0.00711000,0.00000000,74478.03000000,0.00000000
signal,2026-02-09T20:00:10.496690+00:00,2026-02-09 16:00:00+00:00,70957.01,0.8731991648674011,1
trade,2026-02-09T20:00:12.209675+00:00,bought,0.8731991648674011,2026-02-09 16:00:00+00:00,1206786,0.00697,70957.02,new(_post)
spread,2026-02-09T20:00:12.212065+00:00,2026-02-09 16:00:00+00:00,1,BOUGHT,70957.01,70957.02,0.010000000009313226,1.4093040290319436e-05
open_order,2026-02-09T20:00:12.349288+00:00,BTCUSDT,1206788,SELL,STOP_LOSS_LIMIT,NEW,0.00697000,0.00000000,70358.45000000,70428.88000000
open_order,2026-02-09T20:00:12.349346+00:00,BTCUSDT,1206789,SELL,LIMIT_MAKER,NEW,0.00697000,0.00000000,75970.13000000,0.00000000
signal,2026-02-10T00:00:13.847376+00:00,2026-02-09 20:00:00+00:00,70138.0,0.7253930568695068,1
trade,2026-02-10T00:00:15.620826+00:00,bought,0.7253930568695068,2026-02-09 20:00:00+00:00,1243526,0.00708,70138.01,new(_post)
spread,2026-02-10T00:00:15.690102+00:00,2026-02-09 20:00:00+00:00,1,BOUGHT,70138.0,70138.01,0.00999999999476131,1.4257606428813574e-05
open_order,2026-02-10T00:00:15.842061+00:00,BTCUSDT,1243527,SELL,STOP_LOSS_LIMIT,NEW,0.00708000,0.00000000,69546.35000000,69615.97000000
open_order,2026-02-10T00:00:15.842162+00:00,BTCUSDT,1243528,SELL,LIMIT_MAKER,NEW,0.00708000,0.00000000,75093.26000000,0.00000000
signal,2026-02-10T04:00:09.390049+00:00,2026-02-10 00:00:00+00:00,69511.83,0.73497074842453,1
trade,2026-02-10T04:00:10.747845+00:00,bought,0.73497074842453,2026-02-10 00:00:00+00:00,1277859,0.00714,69511.83,new(_post)
spread,2026-02-10T04:00:10.749411+00:00,2026-02-10 00:00:00+00:00,1,BOUGHT,69511.83,69511.83,0.0,0.0
open_order,2026-02-10T04:00:10.887225+00:00,BTCUSDT,1277860,SELL,STOP_LOSS_LIMIT,NEW,0.00714000,0.00000000,68925.45000000,68994.45000000
open_order,2026-02-10T04:00:10.887287+00:00,BTCUSDT,1277861,SELL,LIMIT_MAKER,NEW,0.00714000,0.00000000,74422.84000000,0.00000000
signal,2026-02-10T08:00:10.395677+00:00,2026-02-10 04:00:00+00:00,68919.66,0.8561379313468933,1
trade,2026-02-10T08:00:12.083336+00:00,bought,0.8561379313468933,2026-02-10 04:00:00+00:00,1313972,0.0072,68919.67,new(_post)
spread,2026-02-10T08:00:12.094425+00:00,2026-02-10 04:00:00+00:00,1,BOUGHT,68919.66,68919.67,0.00999999999476131,1.4509647883187426e-05
open_order,2026-02-10T08:00:12.231137+00:00,BTCUSDT,1313973,SELL,STOP_LOSS_LIMIT,NEW,0.00720000,0.00000000,68338.29000000,68406.70000000
open_order,2026-02-10T08:00:12.231214+00:00,BTCUSDT,1313974,SELL,LIMIT_MAKER,NEW,0.00720000,0.00000000,73788.84000000,0.00000000
signal,2026-02-10T12:00:11.355870+00:00,2026-02-10 08:00:00+00:00,68535.01,0.7080807089805603,1
trade,2026-02-10T12:00:13.067026+00:00,bought,0.7080807089805603,2026-02-10 08:00:00+00:00,1353613,0.00723,68581.93,new(_post)
spread,2026-02-10T12:00:13.071467+00:00,2026-02-10 08:00:00+00:00,1,BOUGHT,68535.01,68581.93,46.919999999998254,0.06846136011360304
open_order,2026-02-10T12:00:13.221268+00:00,BTCUSDT,1353617,SELL,STOP_LOSS_LIMIT,NEW,0.00723000,0.00000000,68003.40000000,68071.47000000
open_order,2026-02-10T12:00:13.221334+00:00,BTCUSDT,1353618,SELL,LIMIT_MAKER,NEW,0.00723000,0.00000000,73427.24000000,0.00000000
signal,2026-02-10T16:00:11.779441+00:00,2026-02-10 12:00:00+00:00,69293.37,0.7550398707389832,1
trade,2026-02-10T16:00:13.716497+00:00,bought,0.7550398707389832,2026-02-10 12:00:00+00:00,1395750,0.00715,69288.12,new(_post)
spread,2026-02-10T16:00:13.721835+00:00,2026-02-10 12:00:00+00:00,1,BOUGHT,69293.37,69288.12,-5.25,-0.007576482425375453
open_order,2026-02-10T16:00:13.866528+00:00,BTCUSDT,1395751,SELL,STOP_LOSS_LIMIT,NEW,0.00715000,0.00000000,68703.63000000,68772.40000000
open_order,2026-02-10T16:00:13.866600+00:00,BTCUSDT,1395752,SELL,LIMIT_MAKER,NEW,0.00715000,0.00000000,74183.32000000,0.00000000
signal,2026-02-10T20:00:11.097931+00:00,2026-02-10 16:00:00+00:00,69062.01,0.7796264290809631,1
trade,2026-02-10T20:00:13.017998+00:00,bought,0.7796264290809631,2026-02-10 16:00:00+00:00,1438100,0.0072,69050.85,new(_post)
spread,2026-02-10T20:00:13.020332+00:00,2026-02-10 16:00:00+00:00,1,BOUGHT,69062.01,69050.85,-11.15999999998894,-0.016159390669323592
open_order,2026-02-10T20:00:13.154101+00:00,BTCUSDT,1438101,SELL,STOP_LOSS_LIMIT,NEW,0.00720000,0.00000000,68468.36000000,68536.90000000
open_order,2026-02-10T20:00:13.154167+00:00,BTCUSDT,1438102,SELL,LIMIT_MAKER,NEW,0.00720000,0.00000000,73929.29000000,0.00000000
signal,2026-02-11T00:00:21.940835+00:00,2026-02-10 20:00:00+00:00,68841.29,0.6708700060844421,1
trade,2026-02-11T00:00:23.912608+00:00,bought,0.6708700060844421,2026-02-10 20:00:00+00:00,1468826,0.00722,68821.1,new(_post)
spread,2026-02-11T00:00:23.915580+00:00,2026-02-10 20:00:00+00:00,1,BOUGHT,68841.29,68821.1,-20.189999999987776,-0.029328328972322293
open_order,2026-02-11T00:00:24.052398+00:00,BTCUSDT,1468828,SELL,STOP_LOSS_LIMIT,NEW,0.00722000,0.00000000,68240.55000000,68308.86000000
open_order,2026-02-11T00:00:24.052482+00:00,BTCUSDT,1468829,SELL,LIMIT_MAKER,NEW,0.00722000,0.00000000,73683.31000000,0.00000000
signal,2026-02-11T04:00:10.637685+00:00,2026-02-11 00:00:00+00:00,68187.99,0.763719916343689,1
trade,2026-02-11T04:00:12.624038+00:00,bought,0.763719916343689,2026-02-11 00:00:00+00:00,1498610,0.00729,68188.00000000001,new(_post)
spread,2026-02-11T04:00:12.627256+00:00,2026-02-11 00:00:00+00:00,1,BOUGHT,68187.99,68188.00000000001,0.010000000009313226,1.4665339165276237e-05
open_order,2026-02-11T04:00:12.764600+00:00,BTCUSDT,1498611,SELL,STOP_LOSS_LIMIT,NEW,0.00729000,0.00000000,67612.79000000,67680.47000000
open_order,2026-02-11T04:00:12.764665+00:00,BTCUSDT,1498612,SELL,LIMIT_MAKER,NEW,0.00729000,0.00000000,73005.48000000,0.00000000
signal,2026-02-11T08:00:14.313352+00:00,2026-02-11 04:00:00+00:00,67032.72,0.7849270701408386,1
trade,2026-02-11T08:00:16.196741+00:00,bought,0.7849270701408386,2026-02-11 04:00:00+00:00,1531938,0.00741,67036.65000000001,new(_post)
spread,2026-02-11T08:00:16.200969+00:00,2026-02-11 04:00:00+00:00,1,BOUGHT,67032.72,67036.65000000001,3.930000000007567,0.005862808491152727
open_order,2026-02-11T08:00:16.346630+00:00,BTCUSDT,1531939,SELL,STOP_LOSS_LIMIT,NEW,0.00741000,0.00000000,66471.15000000,66537.69000000
open_order,2026-02-11T08:00:16.346742+00:00,BTCUSDT,1531940,SELL,LIMIT_MAKER,NEW,0.00741000,0.00000000,71772.78000000,0.00000000
signal,2026-02-11T12:00:10.223959+00:00,2026-02-11 08:00:00+00:00,67053.03,0.7382222414016724,1
trade,2026-02-11T12:00:11.955974+00:00,bought,0.7382222414016724,2026-02-11 08:00:00+00:00,1563244,0.00741,67061.67,new(_post)
spread,2026-02-11T12:00:11.963050+00:00,2026-02-11 08:00:00+00:00,1,BOUGHT,67053.03,67061.67,8.639999999999418,0.012885323750477795
open_order,2026-02-11T12:00:12.099793+00:00,BTCUSDT,1563245,SELL,STOP_LOSS_LIMIT,NEW,0.00741000,0.00000000,66495.96000000,66562.52000000
open_order,2026-02-11T12:00:12.099893+00:00,BTCUSDT,1563246,SELL,LIMIT_MAKER,NEW,0.00741000,0.00000000,71799.57000000,0.00000000
signal,2026-02-11T16:00:12.718404+00:00,2026-02-11 12:00:00+00:00,66519.73,0.7263223528862,1
trade,2026-02-11T16:00:14.800153+00:00,bought,0.7263223528862,2026-02-11 12:00:00+00:00,1605034,0.00746,66529.21,new(_post)
spread,2026-02-11T16:00:14.805201+00:00,2026-02-11 12:00:00+00:00,1,BOUGHT,66519.73,66529.21,9.480000000010477,0.014251410822030408
open_order,2026-02-11T16:00:14.943790+00:00,BTCUSDT,1605035,SELL,STOP_LOSS_LIMIT,NEW,0.00746000,0.00000000,65967.99000000,66034.03000000
open_order,2026-02-11T16:00:14.943868+00:00,BTCUSDT,1605036,SELL,LIMIT_MAKER,NEW,0.00746000,0.00000000,71229.49000000,0.00000000
signal,2026-02-11T20:00:09.455625+00:00,2026-02-11 16:00:00+00:00,67586.67,0.7711486220359802,1
trade,2026-02-11T20:00:11.358505+00:00,bought,0.7711486220359802,2026-02-11 16:00:00+00:00,1642493,0.00734,67569.91,new(_post)
spread,2026-02-11T20:00:11.360845+00:00,2026-02-11 16:00:00+00:00,1,BOUGHT,67586.67,67569.91,-16.75999999999476,-0.024797789268204973
open_order,2026-02-11T20:00:11.495229+00:00,BTCUSDT,1642494,SELL,STOP_LOSS_LIMIT,NEW,0.00734000,0.00000000,66999.92000000,67066.98000000
open_order,2026-02-11T20:00:11.495291+00:00,BTCUSDT,1642495,SELL,LIMIT_MAKER,NEW,0.00734000,0.00000000,72343.72000000,0.00000000
signal,2026-02-12T00:00:22.787257+00:00,2026-02-11 20:00:00+00:00,67082.52,0.7947906851768494,1
trade,2026-02-12T00:00:25.416424+00:00,bought,0.7947906851768494,2026-02-11 20:00:00+00:00,1673477,0.00739,67081.87,new(_post)
spread,2026-02-12T00:00:25.418995+00:00,2026-02-11 20:00:00+00:00,1,BOUGHT,67082.52,67081.87,-0.6500000000087311,-0.0009689558472247839
open_order,2026-02-12T00:00:25.560359+00:00,BTCUSDT,1673479,SELL,STOP_LOSS_LIMIT,NEW,0.00739000,0.00000000,66515.99000000,66582.57000000
open_order,2026-02-12T00:00:25.560433+00:00,BTCUSDT,1673480,SELL,LIMIT_MAKER,NEW,0.00739000,0.00000000,71821.20000000,0.00000000
signal,2026-02-12T04:00:08.705380+00:00,2026-02-12 00:00:00+00:00,67580.99,0.5761595368385315,1
trade,2026-02-12T04:00:10.443056+00:00,bought,0.5761595368385315,2026-02-12 00:00:00+00:00,1705124,0.00734,67565.68,new(_post)
spread,2026-02-12T04:00:10.445259+00:00,2026-02-12 00:00:00+00:00,1,BOUGHT,67580.99,67565.68,-15.310000000012224,-0.02265429967808208
open_order,2026-02-12T04:00:10.581087+00:00,BTCUSDT,1705125,SELL,STOP_LOSS_LIMIT,NEW,0.00734000,0.00000000,66995.72000000,67062.78000000
open_order,2026-02-12T04:00:10.581180+00:00,BTCUSDT,1705126,SELL,LIMIT_MAKER,NEW,0.00734000,0.00000000,72339.19000000,0.00000000
signal,2026-02-12T08:00:11.340076+00:00,2026-02-12 04:00:00+00:00,67217.72,0.5663125514984131,1
trade,2026-02-12T08:00:13.477597+00:00,bought,0.5663125514984131,2026-02-12 04:00:00+00:00,1732694,0.00737,67224.75,new(_post)
spread,2026-02-12T08:00:13.480342+00:00,2026-02-12 04:00:00+00:00,1,BOUGHT,67217.72,67224.75,7.029999999998836,0.010458551703318442
open_order,2026-02-12T08:00:13.620794+00:00,BTCUSDT,1732695,SELL,STOP_LOSS_LIMIT,NEW,0.00737000,0.00000000,66657.67000000,66724.39000000
open_order,2026-02-12T08:00:13.620904+00:00,BTCUSDT,1732696,SELL,LIMIT_MAKER,NEW,0.00737000,0.00000000,71974.17000000,0.00000000
signal,2026-02-12T12:00:07.799633+00:00,2026-02-12 08:00:00+00:00,68076.01,0.5805622339248657,1
trade,2026-02-12T12:00:09.714822+00:00,bought,0.5805622339248657,2026-02-12 08:00:00+00:00,1761535,0.0073,68110.7,new(_post)
spread,2026-02-12T12:00:09.717033+00:00,2026-02-12 08:00:00+00:00,1,BOUGHT,68076.01,68110.7,34.69000000000233,0.050957745614055305
open_order,2026-02-12T12:00:09.876847+00:00,BTCUSDT,1761538,SELL,STOP_LOSS_LIMIT,NEW,0.00730000,0.00000000,67536.14000000,67603.75000000
open_order,2026-02-12T12:00:09.876962+00:00,BTCUSDT,1761539,SELL,LIMIT_MAKER,NEW,0.00730000,0.00000000,72922.72000000,0.00000000
signal,2026-02-12T16:00:10.857336+00:00,2026-02-12 12:00:00+00:00,67134.74,0.7637305855751038,1
trade,2026-02-12T16:00:12.526753+00:00,bought,0.7637305855751038,2026-02-12 12:00:00+00:00,1796603,0.00741,67130.53,new(_post)
spread,2026-02-12T16:00:12.528640+00:00,2026-02-12 12:00:00+00:00,1,BOUGHT,67134.74,67130.53,-4.210000000006403,-0.006270970886324001
open_order,2026-02-12T16:00:12.679282+00:00,BTCUSDT,1796606,SELL,STOP_LOSS_LIMIT,NEW,0.00741000,0.00000000,66564.24000000,66630.87000000
open_order,2026-02-12T16:00:12.679364+00:00,BTCUSDT,1796607,SELL,LIMIT_MAKER,NEW,0.00741000,0.00000000,71873.30000000,0.00000000
signal,2026-02-12T20:00:11.492806+00:00,2026-02-12 16:00:00+00:00,65788.36,0.7998805642127991,1
trade,2026-02-12T20:00:13.405659+00:00,bought,0.7998805642127991,2026-02-12 16:00:00+00:00,1835559,0.00755,65805.93,new(_post)
spread,2026-02-12T20:00:13.407581+00:00,2026-02-12 16:00:00+00:00,1,BOUGHT,65788.36,65805.93,17.569999999992433,0.026706852093583144
open_order,2026-02-12T20:00:13.542936+00:00,BTCUSDT,1835561,SELL,STOP_LOSS_LIMIT,NEW,0.00755000,0.00000000,65250.82000000,65316.13000000
open_order,2026-02-12T20:00:13.543021+00:00,BTCUSDT,1835562,SELL,LIMIT_MAKER,NEW,0.00755000,0.00000000,70455.11000000,0.00000000
signal,2026-02-13T00:00:26.787553+00:00,2026-02-12 20:00:00+00:00,66272.17,0.6823257207870483,1
trade,2026-02-13T00:00:29.034440+00:00,bought,0.6823257207870483,2026-02-12 20:00:00+00:00,1874062,0.0075,66242.54000000001,new(_post)
spread,2026-02-13T00:00:29.037079+00:00,2026-02-12 20:00:00+00:00,1,BOUGHT,66272.17,66242.54000000001,-29.629999999990105,-0.04470956662501191
open_order,2026-02-13T00:00:29.172554+00:00,BTCUSDT,1874099,SELL,STOP_LOSS_LIMIT,NEW,0.00750000,0.00000000,65683.74000000,65749.49000000
open_order,2026-02-13T00:00:29.172618+00:00,BTCUSDT,1874100,SELL,LIMIT_MAKER,NEW,0.00750000,0.00000000,70922.57000000,0.00000000
signal,2026-02-13T04:00:12.425180+00:00,2026-02-13 00:00:00+00:00,66553.08,0.6904676556587219,1
trade,2026-02-13T04:00:14.410015+00:00,bought,0.6904676556587219,2026-02-13 00:00:00+00:00,1904541,0.00746,66557.49,new(_post)
spread,2026-02-13T04:00:14.412756+00:00,2026-02-13 00:00:00+00:00,1,BOUGHT,66553.08,66557.49,4.4100000000034925,0.0066262898726909825
open_order,2026-02-13T04:00:14.824753+00:00,BTCUSDT,1904543,SELL,STOP_LOSS_LIMIT,NEW,0.00746000,0.00000000,65996.04000000,66062.10000000
open_order,2026-02-13T04:00:14.824812+00:00,BTCUSDT,1904544,SELL,LIMIT_MAKER,NEW,0.00746000,0.00000000,71259.77000000,0.00000000
signal,2026-02-13T08:00:11.255725+00:00,2026-02-13 04:00:00+00:00,66208.96,0.7162147760391235,1
trade,2026-02-13T08:00:12.970257+00:00,bought,0.7162147760391235,2026-02-13 04:00:00+00:00,1934377,0.00753,66207.95999999999,new(_post)
spread,2026-02-13T08:00:12.972298+00:00,2026-02-13 04:00:00+00:00,1,BOUGHT,66208.96,66207.95999999999,-1.000000000014552,-0.0015103695935048123
open_order,2026-02-13T08:00:13.110028+00:00,BTCUSDT,1934378,SELL,STOP_LOSS_LIMIT,NEW,0.00753000,0.00000000,65649.45000000,65715.17000000
open_order,2026-02-13T08:00:13.110107+00:00,BTCUSDT,1934379,SELL,LIMIT_MAKER,NEW,0.00753000,0.00000000,70885.55000000,0.00000000
signal,2026-02-13T12:00:11.542792+00:00,2026-02-13 08:00:00+00:00,67171.42,0.61461341381073,1
trade,2026-02-13T12:00:12.993103+00:00,bought,0.61461341381073,2026-02-13 08:00:00+00:00,1968640,0.00705,67158.02,new(_post)
spread,2026-02-13T12:00:13.002051+00:00,2026-02-13 08:00:00+00:00,1,BOUGHT,67171.42,67158.02,-13.39999999999418,-0.01994896043584493
open_order,2026-02-13T12:00:13.145781+00:00,BTCUSDT,1934378,SELL,STOP_LOSS_LIMIT,NEW,0.00753000,0.00000000,65649.45000000,65715.17000000
open_order,2026-02-13T12:00:13.145863+00:00,BTCUSDT,1934379,SELL,LIMIT_MAKER,NEW,0.00753000,0.00000000,70885.55000000,0.00000000
open_order,2026-02-13T12:00:13.145910+00:00,BTCUSDT,1968642,SELL,STOP_LOSS_LIMIT,NEW,0.00705000,0.00000000,66591.50000000,66658.16000000
open_order,2026-02-13T12:00:13.145936+00:00,BTCUSDT,1968643,SELL,LIMIT_MAKER,NEW,0.00705000,0.00000000,71902.73000000,0.00000000
signal,2026-02-13T16:00:12.201117+00:00,2026-02-13 12:00:00+00:00,68692.12,0.713609516620636,1
trade,2026-02-13T16:00:14.615854+00:00,bought,0.713609516620636,2026-02-13 12:00:00+00:00,2024997,0.00655,68695.2,new(_post)
spread,2026-02-13T16:00:14.617754+00:00,2026-02-13 12:00:00+00:00,1,BOUGHT,68692.12,68695.2,3.0800000000017462,0.004483774849295408
open_order,2026-02-13T16:00:14.764966+00:00,BTCUSDT,1934378,SELL,STOP_LOSS_LIMIT,NEW,0.00753000,0.00000000,65649.45000000,65715.17000000
open_order,2026-02-13T16:00:14.765041+00:00,BTCUSDT,1934379,SELL,LIMIT_MAKER,NEW,0.00753000,0.00000000,70885.55000000,0.00000000
open_order,2026-02-13T16:00:14.765066+00:00,BTCUSDT,1968642,SELL,STOP_LOSS_LIMIT,NEW,0.00705000,0.00000000,66591.50000000,66658.16000000
open_order,2026-02-13T16:00:14.765083+00:00,BTCUSDT,1968643,SELL,LIMIT_MAKER,NEW,0.00705000,0.00000000,71902.73000000,0.00000000
open_order,2026-02-13T16:00:14.765094+00:00,BTCUSDT,2024998,SELL,STOP_LOSS_LIMIT,NEW,0.00655000,0.00000000,68115.71000000,68183.90000000
open_order,2026-02-13T16:00:14.765106+00:00,BTCUSDT,2024999,SELL,LIMIT_MAKER,NEW,0.00655000,0.00000000,73548.51000000,0.00000000
signal,2026-02-13T20:00:10.076628+00:00,2026-02-13 16:00:00+00:00,68938.91,0.7454180717468262,1
trade,2026-02-13T20:00:11.908421+00:00,bought,0.7454180717468262,2026-02-13 16:00:00+00:00,2076771,0.00722,68938.91,new(_post)
spread,2026-02-13T20:00:11.910345+00:00,2026-02-13 16:00:00+00:00,1,BOUGHT,68938.91,68938.91,0.0,0.0
open_order,2026-02-13T20:00:12.045326+00:00,BTCUSDT,2076772,SELL,STOP_LOSS_LIMIT,NEW,0.00722000,0.00000000,68357.37000000,68425.79000000
open_order,2026-02-13T20:00:12.045400+00:00,BTCUSDT,2076773,SELL,LIMIT_MAKER,NEW,0.00722000,0.00000000,73809.44000000,0.00000000
signal,2026-02-14T00:00:20.493561+00:00,2026-02-13 20:00:00+00:00,68853.96,0.43620064854621887,1
trade,2026-02-14T00:00:22.455524+00:00,bought,0.43620064854621887,2026-02-13 20:00:00+00:00,2117438,0.00723,68857.56999999999,new(_post)
spread,2026-02-14T00:00:22.458000+00:00,2026-02-13 20:00:00+00:00,1,BOUGHT,68853.96,68857.56999999999,3.60999999998603,0.005242980941089215
open_order,2026-02-14T00:00:22.599631+00:00,BTCUSDT,2117439,SELL,STOP_LOSS_LIMIT,NEW,0.00723000,0.00000000,68276.71000000,68345.06000000
open_order,2026-02-14T00:00:22.599722+00:00,BTCUSDT,2117440,SELL,LIMIT_MAKER,NEW,0.00723000,0.00000000,73722.35000000,0.00000000
signal,2026-02-14T04:00:09.220270+00:00,2026-02-14 00:00:00+00:00,68981.99,0.2834615409374237,0
open_order,2026-02-14T04:00:09.361163+00:00,BTCUSDT,2117439,SELL,STOP_LOSS_LIMIT,NEW,0.00723000,0.00000000,68276.71000000,68345.06000000
open_order,2026-02-14T04:00:09.361241+00:00,BTCUSDT,2117440,SELL,LIMIT_MAKER,NEW,0.00723000,0.00000000,73722.35000000,0.00000000
run,2026-02-14T06:47:17.787451+00:00,2026-02-14 00:00:00+00:00,68981.99,0.2834615409374237,0,none,
open_order,2026-02-14T06:47:18.716939+00:00,BTCUSDT,2117439,SELL,STOP_LOSS_LIMIT,NEW,0.00723000,0.00000000,68276.71000000,68345.06000000
open_order,2026-02-14T06:47:18.717011+00:00,BTCUSDT,2117440,SELL,LIMIT_MAKER,NEW,0.00723000,0.00000000,73722.35000000,0.00000000
run,2026-02-14T08:00:10.526453+00:00,2026-02-14 04:00:00+00:00,69219.26,0.4663337767124176,1,bought,
open_order,2026-02-14T08:00:12.790535+00:00,BTCUSDT,2117439,SELL,STOP_LOSS_LIMIT,NEW,0.00723000,0.00000000,68276.71000000,68345.06000000
open_order,2026-02-14T08:00:12.790608+00:00,BTCUSDT,2117440,SELL,LIMIT_MAKER,NEW,0.00723000,0.00000000,73722.35000000,0.00000000
open_order,2026-02-14T08:00:12.790622+00:00,BTCUSDT,2190345,SELL,STOP_LOSS_LIMIT,NEW,0.00683000,0.00000000,68635.36000000,68704.07000000
open_order,2026-02-14T08:00:12.790847+00:00,BTCUSDT,2190346,SELL,LIMIT_MAKER,NEW,0.00683000,0.00000000,74109.61000000,0.00000000
run,2026-02-14T12:00:12.517150+00:00,2026-02-14 08:00:00+00:00,70505.74,0.4517533481121063,1,bought,
open_order,2026-02-14T12:00:14.379951+00:00,BTCUSDT,2117439,SELL,STOP_LOSS_LIMIT,NEW,0.00723000,0.00000000,68276.71000000,68345.06000000
open_order,2026-02-14T12:00:14.380032+00:00,BTCUSDT,2117440,SELL,LIMIT_MAKER,NEW,0.00723000,0.00000000,73722.35000000,0.00000000
open_order,2026-02-14T12:00:14.380047+00:00,BTCUSDT,2190345,SELL,STOP_LOSS_LIMIT,NEW,0.00683000,0.00000000,68635.36000000,68704.07000000
open_order,2026-02-14T12:00:14.380058+00:00,BTCUSDT,2190346,SELL,LIMIT_MAKER,NEW,0.00683000,0.00000000,74109.61000000,0.00000000
open_order,2026-02-14T12:00:14.380068+00:00,BTCUSDT,2231622,SELL,STOP_LOSS_LIMIT,NEW,0.00637000,0.00000000,69938.67000000,70008.68000000
open_order,2026-02-14T12:00:14.380079+00:00,BTCUSDT,2231623,SELL,LIMIT_MAKER,NEW,0.00637000,0.00000000,75516.87000000,0.00000000
run,2026-02-14T16:00:12.724794+00:00,2026-02-14 12:00:00+00:00,69778.28,0.5547135472297668,1,bought,
open_order,2026-02-14T16:00:14.639449+00:00,BTCUSDT,2117439,SELL,STOP_LOSS_LIMIT,NEW,0.00723000,0.00000000,68276.71000000,68345.06000000
open_order,2026-02-14T16:00:14.639507+00:00,BTCUSDT,2117440,SELL,LIMIT_MAKER,NEW,0.00723000,0.00000000,73722.35000000,0.00000000
open_order,2026-02-14T16:00:14.639520+00:00,BTCUSDT,2190345,SELL,STOP_LOSS_LIMIT,NEW,0.00683000,0.00000000,68635.36000000,68704.07000000
open_order,2026-02-14T16:00:14.639530+00:00,BTCUSDT,2190346,SELL,LIMIT_MAKER,NEW,0.00683000,0.00000000,74109.61000000,0.00000000
open_order,2026-02-14T16:00:14.639538+00:00,BTCUSDT,2276766,SELL,STOP_LOSS_LIMIT,NEW,0.00643000,0.00000000,69189.66000000,69258.92000000
open_order,2026-02-14T16:00:14.639546+00:00,BTCUSDT,2276767,SELL,LIMIT_MAKER,NEW,0.00643000,0.00000000,74708.11000000,0.00000000
run,2026-02-14T20:00:12.884935+00:00,2026-02-14 16:00:00+00:00,69873.99,0.44654688239097595,1,bought,
open_order,2026-02-14T20:00:14.816518+00:00,BTCUSDT,2117439,SELL,STOP_LOSS_LIMIT,NEW,0.00723000,0.00000000,68276.71000000,68345.06000000
open_order,2026-02-14T20:00:14.816602+00:00,BTCUSDT,2117440,SELL,LIMIT_MAKER,NEW,0.00723000,0.00000000,73722.35000000,0.00000000
open_order,2026-02-14T20:00:14.816638+00:00,BTCUSDT,2190345,SELL,STOP_LOSS_LIMIT,NEW,0.00683000,0.00000000,68635.36000000,68704.07000000
open_order,2026-02-14T20:00:14.816657+00:00,BTCUSDT,2190346,SELL,LIMIT_MAKER,NEW,0.00683000,0.00000000,74109.61000000,0.00000000
open_order,2026-02-14T20:00:14.816669+00:00,BTCUSDT,2332949,SELL,STOP_LOSS_LIMIT,NEW,0.00642000,0.00000000,69258.83000000,69328.16000000
open_order,2026-02-14T20:00:14.816681+00:00,BTCUSDT,2332950,SELL,LIMIT_MAKER,NEW,0.00642000,0.00000000,74782.80000000,0.00000000
run,2026-02-15T00:00:34.559691+00:00,2026-02-14 20:00:00+00:00,69822.95,0.3490709662437439,1,bought,
open_order,2026-02-15T00:00:51.941356+00:00,BTCUSDT,2117439,SELL,STOP_LOSS_LIMIT,NEW,0.00723000,0.00000000,68276.71000000,68345.06000000
open_order,2026-02-15T00:00:51.941427+00:00,BTCUSDT,2117440,SELL,LIMIT_MAKER,NEW,0.00723000,0.00000000,73722.35000000,0.00000000
open_order,2026-02-15T00:00:51.941443+00:00,BTCUSDT,2190345,SELL,STOP_LOSS_LIMIT,NEW,0.00683000,0.00000000,68635.36000000,68704.07000000
open_order,2026-02-15T00:00:51.941452+00:00,BTCUSDT,2190346,SELL,LIMIT_MAKER,NEW,0.00683000,0.00000000,74109.61000000,0.00000000
open_order,2026-02-15T00:00:51.941461+00:00,BTCUSDT,2401390,SELL,STOP_LOSS_LIMIT,NEW,0.00642000,0.00000000,69227.08000000,69296.37000000
open_order,2026-02-15T00:00:51.941469+00:00,BTCUSDT,2401391,SELL,LIMIT_MAKER,NEW,0.00642000,0.00000000,74748.52000000,0.00000000
run,2026-02-15T04:00:07.543382+00:00,2026-02-15 00:00:00+00:00,69954.5,0.2598588168621063,0,none,
open_order,2026-02-15T04:00:09.236234+00:00,BTCUSDT,2117439,SELL,STOP_LOSS_LIMIT,NEW,0.00723000,0.00000000,68276.71000000,68345.06000000
open_order,2026-02-15T04:00:09.236372+00:00,BTCUSDT,2117440,SELL,LIMIT_MAKER,NEW,0.00723000,0.00000000,73722.35000000,0.00000000
open_order,2026-02-15T04:00:09.236393+00:00,BTCUSDT,2190345,SELL,STOP_LOSS_LIMIT,NEW,0.00683000,0.00000000,68635.36000000,68704.07000000
open_order,2026-02-15T04:00:09.236410+00:00,BTCUSDT,2190346,SELL,LIMIT_MAKER,NEW,0.00683000,0.00000000,74109.61000000,0.00000000
run,2026-02-15T08:00:12.622060+00:00,2026-02-15 04:00:00+00:00,70828.42,0.44529426097869873,1,bought,
open_order,2026-02-15T08:00:14.782554+00:00,BTCUSDT,2539580,SELL,STOP_LOSS_LIMIT,NEW,0.00706000,0.00000000,70241.91000000,70312.23000000
open_order,2026-02-15T08:00:14.782694+00:00,BTCUSDT,2539581,SELL,LIMIT_MAKER,NEW,0.00706000,0.00000000,75844.29000000,0.00000000
run,2026-02-15T12:00:11.065246+00:00,2026-02-15 08:00:00+00:00,70295.22,0.2939613163471222,0,none,
run,2026-02-15T16:00:12.738527+00:00,2026-02-15 12:00:00+00:00,69099.99,0.6860629916191101,1,bought,
open_order,2026-02-15T16:00:14.757277+00:00,BTCUSDT,2679933,SELL,STOP_LOSS_LIMIT,NEW,0.00724000,0.00000000,68496.04000000,68564.60000000
open_order,2026-02-15T16:00:14.757337+00:00,BTCUSDT,2679934,SELL,LIMIT_MAKER,NEW,0.00724000,0.00000000,73959.17000000,0.00000000
run,2026-02-15T20:00:11.710171+00:00,2026-02-15 16:00:00+00:00,68286.63,0.8182326555252075,1,bought,
open_order,2026-02-15T20:00:13.587336+00:00,BTCUSDT,2735287,SELL,STOP_LOSS_LIMIT,NEW,0.00732000,0.00000000,67719.11000000,67786.89000000
open_order,2026-02-15T20:00:13.587410+00:00,BTCUSDT,2735288,SELL,LIMIT_MAKER,NEW,0.00732000,0.00000000,73120.27000000,0.00000000
run,2026-02-16T00:00:23.838669+00:00,2026-02-15 20:00:00+00:00,68832.58,0.4823424220085144,1,bought,
open_order,2026-02-16T00:00:32.763472+00:00,BTCUSDT,2735287,SELL,STOP_LOSS_LIMIT,NEW,0.00732000,0.00000000,67719.11000000,67786.89000000
open_order,2026-02-16T00:00:32.763559+00:00,BTCUSDT,2735288,SELL,LIMIT_MAKER,NEW,0.00732000,0.00000000,73120.27000000,0.00000000
open_order,2026-02-16T00:00:32.763583+00:00,BTCUSDT,2778584,SELL,STOP_LOSS_LIMIT,NEW,0.00690000,0.00000000,68229.50000000,68297.80000000
open_order,2026-02-16T00:00:32.763599+00:00,BTCUSDT,2778585,SELL,LIMIT_MAKER,NEW,0.00690000,0.00000000,73671.38000000,0.00000000
run,2026-02-16T04:00:10.932207+00:00,2026-02-16 00:00:00+00:00,68424.82,0.4419691860675812,1,bought,
open_order,2026-02-16T04:00:13.222231+00:00,BTCUSDT,2735287,SELL,STOP_LOSS_LIMIT,NEW,0.00732000,0.00000000,67719.11000000,67786.89000000
open_order,2026-02-16T04:00:13.222297+00:00,BTCUSDT,2735288,SELL,LIMIT_MAKER,NEW,0.00732000,0.00000000,73120.27000000,0.00000000
open_order,2026-02-16T04:00:13.222312+00:00,BTCUSDT,2822039,SELL,STOP_LOSS_LIMIT,NEW,0.00694000,0.00000000,67847.61000000,67915.53000000
open_order,2026-02-16T04:00:13.222324+00:00,BTCUSDT,2822040,SELL,LIMIT_MAKER,NEW,0.00694000,0.00000000,73259.03000000,0.00000000
run,2026-02-16T08:00:12.499332+00:00,2026-02-16 04:00:00+00:00,68587.9,0.5277274250984192,1,bought,
open_order,2026-02-16T08:00:14.500422+00:00,BTCUSDT,2858776,SELL,STOP_LOSS_LIMIT,NEW,0.00728000,0.00000000,68009.32000000,68077.40000000
open_order,2026-02-16T08:00:14.500500+00:00,BTCUSDT,2858777,SELL,LIMIT_MAKER,NEW,0.00728000,0.00000000,73433.63000000,0.00000000
run,2026-02-16T12:00:13.169382+00:00,2026-02-16 08:00:00+00:00,68812.83,0.4765819013118744,1,bought,
open_order,2026-02-16T12:00:14.954506+00:00,BTCUSDT,2858776,SELL,STOP_LOSS_LIMIT,NEW,0.00728000,0.00000000,68009.32000000,68077.40000000
open_order,2026-02-16T12:00:14.954589+00:00,BTCUSDT,2858777,SELL,LIMIT_MAKER,NEW,0.00728000,0.00000000,73433.63000000,0.00000000
open_order,2026-02-16T12:00:14.954604+00:00,BTCUSDT,2904013,SELL,STOP_LOSS_LIMIT,NEW,0.00689000,0.00000000,68267.63000000,68335.97000000
open_order,2026-02-16T12:00:14.954617+00:00,BTCUSDT,2904014,SELL,LIMIT_MAKER,NEW,0.00689000,0.00000000,73712.55000000,0.00000000
run,2026-02-16T16:00:12.591083+00:00,2026-02-16 12:00:00+00:00,67539.52,0.598476231098175,1,bought,
open_order,2026-02-16T16:00:14.432228+00:00,BTCUSDT,2978025,SELL,STOP_LOSS_LIMIT,NEW,0.00739000,0.00000000,66969.79000000,67036.83000000
open_order,2026-02-16T16:00:14.432299+00:00,BTCUSDT,2978026,SELL,LIMIT_MAKER,NEW,0.00739000,0.00000000,72311.19000000,0.00000000
run,2026-02-16T20:00:12.315436+00:00,2026-02-16 16:00:00+00:00,67913.43,0.5376179218292236,1,bought,
open_order,2026-02-16T20:00:14.025903+00:00,BTCUSDT,2978025,SELL,STOP_LOSS_LIMIT,NEW,0.00739000,0.00000000,66969.79000000,67036.83000000
open_order,2026-02-16T20:00:14.025976+00:00,BTCUSDT,2978026,SELL,LIMIT_MAKER,NEW,0.00739000,0.00000000,72311.19000000,0.00000000
open_order,2026-02-16T20:00:14.025992+00:00,BTCUSDT,3034053,SELL,STOP_LOSS_LIMIT,NEW,0.00698000,0.00000000,67340.55000000,67407.96000000
open_order,2026-02-16T20:00:14.026001+00:00,BTCUSDT,3034054,SELL,LIMIT_MAKER,NEW,0.00698000,0.00000000,72711.52000000,0.00000000
run,2026-02-17T00:00:32.797981+00:00,2026-02-16 20:00:00+00:00,68892.43,0.3115623891353607,1,bought,
open_order,2026-02-17T00:00:36.992503+00:00,BTCUSDT,2978025,SELL,STOP_LOSS_LIMIT,NEW,0.00739000,0.00000000,66969.79000000,67036.83000000
open_order,2026-02-17T00:00:36.992594+00:00,BTCUSDT,2978026,SELL,LIMIT_MAKER,NEW,0.00739000,0.00000000,72311.19000000,0.00000000
open_order,2026-02-17T00:00:36.992613+00:00,BTCUSDT,3034053,SELL,STOP_LOSS_LIMIT,NEW,0.00698000,0.00000000,67340.55000000,67407.96000000
open_order,2026-02-17T00:00:36.992627+00:00,BTCUSDT,3034054,SELL,LIMIT_MAKER,NEW,0.00698000,0.00000000,72711.52000000,0.00000000
open_order,2026-02-17T00:00:36.992640+00:00,BTCUSDT,3082148,SELL,STOP_LOSS_LIMIT,NEW,0.00653000,0.00000000,68312.12000000,68380.50000000
open_order,2026-02-17T00:00:36.992651+00:00,BTCUSDT,3082149,SELL,LIMIT_MAKER,NEW,0.00653000,0.00000000,73760.59000000,0.00000000
run,2026-02-17T04:00:10.193060+00:00,2026-02-17 00:00:00+00:00,68474.9,0.28321677446365356,0,none,
open_order,2026-02-17T04:00:11.185520+00:00,BTCUSDT,2978025,SELL,STOP_LOSS_LIMIT,NEW,0.00739000,0.00000000,66969.79000000,67036.83000000
open_order,2026-02-17T04:00:11.185664+00:00,BTCUSDT,2978026,SELL,LIMIT_MAKER,NEW,0.00739000,0.00000000,72311.19000000,0.00000000
open_order,2026-02-17T04:00:11.185695+00:00,BTCUSDT,3034053,SELL,STOP_LOSS_LIMIT,NEW,0.00698000,0.00000000,67340.55000000,67407.96000000
open_order,2026-02-17T04:00:11.185722+00:00,BTCUSDT,3034054,SELL,LIMIT_MAKER,NEW,0.00698000,0.00000000,72711.52000000,0.00000000
run,2026-02-17T08:00:13.198577+00:00,2026-02-17 04:00:00+00:00,68388.12,0.3606012463569641,1,bought,
open_order,2026-02-17T08:00:15.553559+00:00,BTCUSDT,2978025,SELL,STOP_LOSS_LIMIT,NEW,0.00739000,0.00000000,66969.79000000,67036.83000000
open_order,2026-02-17T08:00:15.553616+00:00,BTCUSDT,2978026,SELL,LIMIT_MAKER,NEW,0.00739000,0.00000000,72311.19000000,0.00000000
open_order,2026-02-17T08:00:15.553640+00:00,BTCUSDT,3034053,SELL,STOP_LOSS_LIMIT,NEW,0.00698000,0.00000000,67340.55000000,67407.96000000
open_order,2026-02-17T08:00:15.553657+00:00,BTCUSDT,3034054,SELL,LIMIT_MAKER,NEW,0.00698000,0.00000000,72711.52000000,0.00000000
open_order,2026-02-17T08:00:15.553668+00:00,BTCUSDT,3187243,SELL,STOP_LOSS_LIMIT,NEW,0.00658000,0.00000000,67811.31000000,67879.19000000
open_order,2026-02-17T08:00:15.553677+00:00,BTCUSDT,3187244,SELL,LIMIT_MAKER,NEW,0.00658000,0.00000000,73219.83000000,0.00000000
run,2026-02-17T12:00:13.346891+00:00,2026-02-17 08:00:00+00:00,67854.6,0.3525390923023224,1,bought,
open_order,2026-02-17T12:00:15.269663+00:00,BTCUSDT,3244399,SELL,STOP_LOSS_LIMIT,NEW,0.00734000,0.00000000,67282.21000000,67349.56000000
open_order,2026-02-17T12:00:15.269785+00:00,BTCUSDT,3244400,SELL,LIMIT_MAKER,NEW,0.00734000,0.00000000,72648.53000000,0.00000000
run,2026-02-17T16:00:12.813323+00:00,2026-02-17 12:00:00+00:00,67392.05,0.3567422330379486,1,bought,
open_order,2026-02-17T16:00:15.121899+00:00,BTCUSDT,3316089,SELL,STOP_LOSS_LIMIT,NEW,0.00739000,0.00000000,66834.56000000,66901.46000000
open_order,2026-02-17T16:00:15.121965+00:00,BTCUSDT,3316090,SELL,LIMIT_MAKER,NEW,0.00739000,0.00000000,72165.18000000,0.00000000
run,2026-02-17T20:00:10.497967+00:00,2026-02-17 16:00:00+00:00,67793.32,0.5106704235076904,1,bought,
open_order,2026-02-17T20:00:12.359958+00:00,BTCUSDT,3389422,SELL,STOP_LOSS_LIMIT,NEW,0.00734000,0.00000000,67221.45000000,67288.74000000
open_order,2026-02-17T20:00:12.360022+00:00,BTCUSDT,3389423,SELL,LIMIT_MAKER,NEW,0.00734000,0.00000000,72582.92000000,0.00000000
run,2026-02-18T00:00:29.659790+00:00,2026-02-17 20:00:00+00:00,67503.52,0.1710745394229889,0,none,
run,2026-02-18T04:00:12.179040+00:00,2026-02-18 00:00:00+00:00,67629.11,0.732948362827301,1,bought,
open_order,2026-02-18T04:00:14.379112+00:00,BTCUSDT,3511877,SELL,STOP_LOSS_LIMIT,NEW,0.00735000,0.00000000,67068.72000000,67135.86000000
open_order,2026-02-18T04:00:14.379180+00:00,BTCUSDT,3511878,SELL,LIMIT_MAKER,NEW,0.00735000,0.00000000,72418.01000000,0.00000000
run,2026-02-18T08:00:11.595477+00:00,2026-02-18 04:00:00+00:00,68106.44,0.5551748871803284,1,bought,
open_order,2026-02-18T08:00:13.696406+00:00,BTCUSDT,3511877,SELL,STOP_LOSS_LIMIT,NEW,0.00735000,0.00000000,67068.72000000,67135.86000000
open_order,2026-02-18T08:00:13.696473+00:00,BTCUSDT,3511878,SELL,LIMIT_MAKER,NEW,0.00735000,0.00000000,72418.01000000,0.00000000
open_order,2026-02-18T08:00:13.696488+00:00,BTCUSDT,3567687,SELL,STOP_LOSS_LIMIT,NEW,0.00694000,0.00000000,67537.29000000,67604.90000000
open_order,2026-02-18T08:00:13.696499+00:00,BTCUSDT,3567688,SELL,LIMIT_MAKER,NEW,0.00694000,0.00000000,72923.96000000,0.00000000
run,2026-02-18T12:00:13.520354+00:00,2026-02-18 08:00:00+00:00,67369.75,0.49824225902557373,1,bought,
open_order,2026-02-18T12:00:15.377342+00:00,BTCUSDT,3628569,SELL,STOP_LOSS_LIMIT,NEW,0.00738000,0.00000000,66818.14000000,66885.03000000
open_order,2026-02-18T12:00:15.377457+00:00,BTCUSDT,3628570,SELL,LIMIT_MAKER,NEW,0.00738000,0.00000000,72147.45000000,0.00000000
run,2026-02-18T16:00:12.648101+00:00,2026-02-18 12:00:00+00:00,67694.01,0.42225512862205505,1,bought,
open_order,2026-02-18T16:00:14.499605+00:00,BTCUSDT,3704752,SELL,STOP_LOSS_LIMIT,NEW,0.00734000,0.00000000,67132.14000000,67199.34000000
open_order,2026-02-18T16:00:14.499672+00:00,BTCUSDT,3704753,SELL,LIMIT_MAKER,NEW,0.00734000,0.00000000,72486.49000000,0.00000000
run,2026-02-18T20:00:12.565089+00:00,2026-02-18 16:00:00+00:00,66177.14,0.44226527214050293,1,bought,
open_order,2026-02-18T20:00:14.452483+00:00,BTCUSDT,3782342,SELL,STOP_LOSS_LIMIT,NEW,0.00751000,0.00000000,65615.46000000,65681.14000000
open_order,2026-02-18T20:00:14.452552+00:00,BTCUSDT,3782343,SELL,LIMIT_MAKER,NEW,0.00751000,0.00000000,70848.85000000,0.00000000
run,2026-02-19T00:00:25.542700+00:00,2026-02-18 20:00:00+00:00,66461.0,0.44551005959510803,1,bought,
open_order,2026-02-19T00:00:31.945318+00:00,BTCUSDT,3848869,SELL,STOP_LOSS_LIMIT,NEW,0.00747000,0.00000000,65892.65000000,65958.61000000
open_order,2026-02-19T00:00:31.945389+00:00,BTCUSDT,3848870,SELL,LIMIT_MAKER,NEW,0.00747000,0.00000000,71148.15000000,0.00000000
run,2026-02-19T04:00:08.776648+00:00,2026-02-19 00:00:00+00:00,66980.91,0.5323083400726318,1,bought,
open_order,2026-02-19T04:00:11.036487+00:00,BTCUSDT,3848869,SELL,STOP_LOSS_LIMIT,NEW,0.00747000,0.00000000,65892.65000000,65958.61000000
open_order,2026-02-19T04:00:11.036568+00:00,BTCUSDT,3848870,SELL,LIMIT_MAKER,NEW,0.00747000,0.00000000,71148.15000000,0.00000000
open_order,2026-02-19T04:00:11.036593+00:00,BTCUSDT,3915776,SELL,STOP_LOSS_LIMIT,NEW,0.00704000,0.00000000,66424.99000000,66491.48000000
open_order,2026-02-19T04:00:11.036617+00:00,BTCUSDT,3915777,SELL,LIMIT_MAKER,NEW,0.00704000,0.00000000,71722.93000000,0.00000000
run,2026-02-19T08:00:12.808545+00:00,2026-02-19 04:00:00+00:00,67206.45,0.5608343482017517,1,bought,
open_order,2026-02-19T08:00:14.725544+00:00,BTCUSDT,3848869,SELL,STOP_LOSS_LIMIT,NEW,0.00747000,0.00000000,65892.65000000,65958.61000000
open_order,2026-02-19T08:00:14.725622+00:00,BTCUSDT,3848870,SELL,LIMIT_MAKER,NEW,0.00747000,0.00000000,71148.15000000,0.00000000
open_order,2026-02-19T08:00:14.725649+00:00,BTCUSDT,3915776,SELL,STOP_LOSS_LIMIT,NEW,0.00704000,0.00000000,66424.99000000,66491.48000000
open_order,2026-02-19T08:00:14.725668+00:00,BTCUSDT,3915777,SELL,LIMIT_MAKER,NEW,0.00704000,0.00000000,71722.93000000,0.00000000
open_order,2026-02-19T08:00:14.725682+00:00,BTCUSDT,3982101,SELL,STOP_LOSS_LIMIT,NEW,0.00667000,0.00000000,66619.27000000,66685.96000000
open_order,2026-02-19T08:00:14.725695+00:00,BTCUSDT,3982102,SELL,LIMIT_MAKER,NEW,0.00667000,0.00000000,71932.72000000,0.00000000
run,2026-02-19T12:00:14.712854+00:00,2026-02-19 08:00:00+00:00,66496.02,0.7137430906295776,1,bought,
open_order,2026-02-19T12:00:16.464313+00:00,BTCUSDT,4048318,SELL,STOP_LOSS_LIMIT,NEW,0.00746000,0.00000000,65944.44000000,66010.45000000
open_order,2026-02-19T12:00:16.464387+00:00,BTCUSDT,4048319,SELL,LIMIT_MAKER,NEW,0.00746000,0.00000000,71204.07000000,0.00000000
run,2026-02-19T16:00:10.868568+00:00,2026-02-19 12:00:00+00:00,66398.0,0.8765377402305603,1,bought,
open_order,2026-02-19T16:00:12.791384+00:00,BTCUSDT,4139170,SELL,STOP_LOSS_LIMIT,NEW,0.00747000,0.00000000,65821.58000000,65887.47000000
open_order,2026-02-19T16:00:12.791441+00:00,BTCUSDT,4139171,SELL,LIMIT_MAKER,NEW,0.00747000,0.00000000,71071.40000000,0.00000000
run,2026-02-19T20:00:12.173924+00:00,2026-02-19 16:00:00+00:00,67050.0,0.7965894341468811,1,bought,
open_order,2026-02-19T20:00:13.997961+00:00,BTCUSDT,4226524,SELL,STOP_LOSS_LIMIT,NEW,0.00739000,0.00000000,66474.65000000,66541.19000000
open_order,2026-02-19T20:00:13.998030+00:00,BTCUSDT,4226525,SELL,LIMIT_MAKER,NEW,0.00739000,0.00000000,71776.56000000,0.00000000
run,2026-02-20T00:00:31.901068+00:00,2026-02-19 20:00:00+00:00,67003.73,0.8193725943565369,1,bought,
open_order,2026-02-20T00:00:36.109137+00:00,BTCUSDT,4284784,SELL,STOP_LOSS_LIMIT,NEW,0.00740000,0.00000000,66403.99000000,66470.47000000
open_order,2026-02-20T00:00:36.109211+00:00,BTCUSDT,4284785,SELL,LIMIT_MAKER,NEW,0.00740000,0.00000000,71700.27000000,0.00000000
run,2026-02-20T04:00:10.496542+00:00,2026-02-20 00:00:00+00:00,67366.25,0.7729321718215942,1,bought,
open_order,2026-02-20T04:00:12.360438+00:00,BTCUSDT,4284784,SELL,STOP_LOSS_LIMIT,NEW,0.00740000,0.00000000,66403.99000000,66470.47000000
open_order,2026-02-20T04:00:12.360556+00:00,BTCUSDT,4284785,SELL,LIMIT_MAKER,NEW,0.00740000,0.00000000,71700.27000000,0.00000000
open_order,2026-02-20T04:00:12.360583+00:00,BTCUSDT,4341661,SELL,STOP_LOSS_LIMIT,NEW,0.00698000,0.00000000,66814.41000000,66881.29000000
open_order,2026-02-20T04:00:12.360596+00:00,BTCUSDT,4341662,SELL,LIMIT_MAKER,NEW,0.00698000,0.00000000,72143.42000000,0.00000000
run,2026-02-20T08:00:12.564748+00:00,2026-02-20 04:00:00+00:00,67825.91,0.6633442044258118,1,bought,
open_order,2026-02-20T08:00:14.736249+00:00,BTCUSDT,4284784,SELL,STOP_LOSS_LIMIT,NEW,0.00740000,0.00000000,66403.99000000,66470.47000000
open_order,2026-02-20T08:00:14.736331+00:00,BTCUSDT,4284785,SELL,LIMIT_MAKER,NEW,0.00740000,0.00000000,71700.27000000,0.00000000
open_order,2026-02-20T08:00:14.736349+00:00,BTCUSDT,4341661,SELL,STOP_LOSS_LIMIT,NEW,0.00698000,0.00000000,66814.41000000,66881.29000000
open_order,2026-02-20T08:00:14.736362+00:00,BTCUSDT,4341662,SELL,LIMIT_MAKER,NEW,0.00698000,0.00000000,72143.42000000,0.00000000
open_order,2026-02-20T08:00:14.736374+00:00,BTCUSDT,4388480,SELL,STOP_LOSS_LIMIT,NEW,0.00659000,0.00000000,67275.02000000,67342.37000000
open_order,2026-02-20T08:00:14.736386+00:00,BTCUSDT,4388481,SELL,LIMIT_MAKER,NEW,0.00659000,0.00000000,72640.77000000,0.00000000
run,2026-02-20T12:00:12.578797+00:00,2026-02-20 08:00:00+00:00,67318.41,0.46922051906585693,1,bought,
open_order,2026-02-20T12:00:14.449593+00:00,BTCUSDT,4443064,SELL,STOP_LOSS_LIMIT,NEW,0.00744000,0.00000000,66713.06000000,66779.84000000
open_order,2026-02-20T12:00:14.449670+00:00,BTCUSDT,4443065,SELL,LIMIT_MAKER,NEW,0.00744000,0.00000000,72033.98000000,0.00000000
run,2026-02-20T16:00:12.425704+00:00,2026-02-20 12:00:00+00:00,67582.95,0.596775472164154,1,bought,
open_order,2026-02-20T16:00:14.281192+00:00,BTCUSDT,4523044,SELL,STOP_LOSS_LIMIT,NEW,0.00740000,0.00000000,67023.46000000,67090.56000000
open_order,2026-02-20T16:00:14.281250+00:00,BTCUSDT,4523045,SELL,LIMIT_MAKER,NEW,0.00740000,0.00000000,72369.15000000,0.00000000
